"","c.1L..1L..1L..2L..1L..1L..3L..3L..3L..2L..2L..2L..3L..2L..2L..","c.1L..1L..1L..2L..2L..2L..3L..3L..3L..4L..4L..4L..5L..5L..5L..","c.1L..2L..5L..1L..2L..5L..1L..2L..5L..1L..2L..5L..1L..2L..5L..","c.1..1..1..1..1..1..1..1..1..1..1..1..1..1..1..1..1..1..1..1..","c..0....0....0....0....0....0....0....0....0....0....0....0...","X4L","X2698L","X5L","X30L"
"1",1,1,1,1,"0",4,2698,5,30
"2",1,1,2,1,"0",4,2698,5,30
"3",1,1,5,1,"0",4,2698,5,30
"4",2,2,1,1,"0",4,2698,5,30
"5",1,2,2,1,"0",4,2698,5,30
"6",1,2,5,1,"0",4,2698,5,30
"7",3,3,1,1,"0",4,2698,5,30
"8",3,3,2,1,"0",4,2698,5,30
"9",3,3,5,1,"0",4,2698,5,30
"10",2,4,1,1,"0",4,2698,5,30
"11",2,4,2,1,"0",4,2698,5,30
"12",2,4,5,1,"0",4,2698,5,30
"13",3,5,1,1,"0",4,2698,5,30
"14",2,5,2,1,"0",4,2698,5,30
"15",2,5,5,1,"0",4,2698,5,30
"16",2,6,1,1,"0",4,2698,5,30
"17",2,6,2,1,"0",4,2698,5,30
"18",2,6,5,1,"0",4,2698,5,30
"19",2,7,1,1,"0",4,2698,5,30
"20",2,7,2,1,"0",4,2698,5,30
"21",2,7,5,1,"0",4,2698,5,30
"22",0,8,1,1,"0",4,2698,5,30
"23",1,8,2,1,"0",4,2698,5,30
"24",1,8,5,1,"0",4,2698,5,30
"25",0,9,1,1,"0",4,2698,5,30
"26",2,9,2,1,"0",4,2698,5,30
"27",3,9,5,1,"0",4,2698,5,30
"28",1,10,1,1,"0",4,2698,5,30
"29",2,10,2,1,"0",4,2698,5,30
"30",2,10,5,1,"0",4,2698,5,30
"31",0,11,1,1,"0",4,2698,5,30
"32",2,11,2,1,"0",4,2698,5,30
"33",2,11,5,1,"0",4,2698,5,30
"34",2,12,1,1,"0",4,2698,5,30
"35",0,12,2,1,"0",4,2698,5,30
"36",0,12,5,1,"0",4,2698,5,30
"37",2,13,1,1,"0",4,2698,5,30
"38",2,13,2,1,"0",4,2698,5,30
"39",2,13,5,1,"0",4,2698,5,30
"40",0,14,1,1,"0",4,2698,5,30
"41",2,14,2,1,"0",4,2698,5,30
"42",2,14,5,1,"0",4,2698,5,30
"43",3,15,1,1,"0",4,2698,5,30
"44",3,15,2,1,"0",4,2698,5,30
"45",3,15,5,1,"0",4,2698,5,30
"46",2,16,1,1,"0",4,2698,5,30
"47",2,16,2,1,"0",4,2698,5,30
"48",3,16,5,1,"0",4,2698,5,30
"49",0,17,1,1,"0",4,2698,5,30
"50",2,17,2,1,"0",4,2698,5,30
"51",0,17,5,1,"0",4,2698,5,30
"52",2,18,1,1,"0",4,2698,5,30
"53",2,18,2,1,"0",4,2698,5,30
"54",2,18,5,1,"0",4,2698,5,30
"55",2,19,1,1,"0",4,2698,5,30
"56",2,19,2,1,"0",4,2698,5,30
"57",2,19,5,1,"0",4,2698,5,30
"58",2,20,1,1,"0",4,2698,5,30
"59",0,20,2,1,"0",4,2698,5,30
"60",0,20,5,1,"0",4,2698,5,30
"61",2,21,1,1,"0",4,2698,5,30
"62",2,21,2,1,"0",4,2698,5,30
"63",1,21,5,1,"0",4,2698,5,30
"64",2,22,1,1,"0",4,2698,5,30
"65",0,22,2,1,"0",4,2698,5,30
"66",0,22,5,1,"0",4,2698,5,30
"67",1,23,1,1,"0",4,2698,5,30
"68",2,23,2,1,"0",4,2698,5,30
"69",2,23,5,1,"0",4,2698,5,30
"70",2,24,1,1,"0",4,2698,5,30
"71",1,24,2,1,"0",4,2698,5,30
"72",2,24,5,1,"0",4,2698,5,30
"73",2,25,1,1,"0",4,2698,5,30
"74",0,25,2,1,"0",4,2698,5,30
"75",2,25,5,1,"0",4,2698,5,30
"76",2,26,1,1,"0",4,2698,5,30
"77",2,26,2,1,"0",4,2698,5,30
"78",2,26,5,1,"0",4,2698,5,30
"79",2,27,1,1,"0",4,2698,5,30
"80",2,27,2,1,"0",4,2698,5,30
"81",2,27,5,1,"0",4,2698,5,30
"82",2,28,1,1,"0",4,2698,5,30
"83",2,28,2,1,"0",4,2698,5,30
"84",1,28,5,1,"0",4,2698,5,30
"85",2,29,1,1,"0",4,2698,5,30
"86",2,29,2,1,"0",4,2698,5,30
"87",2,29,5,1,"0",4,2698,5,30
"88",2,30,1,1,"0",4,2698,5,30
"89",2,30,2,1,"0",4,2698,5,30
"90",2,30,5,1,"0",4,2698,5,30
"91",1,1,1,2,"1",4,2698,5,30
"92",2,1,2,2,"1",4,2698,5,30
"93",2,1,5,2,"1",4,2698,5,30
"94",2,2,1,2,"1",4,2698,5,30
"95",2,2,2,2,"1",4,2698,5,30
"96",2,2,5,2,"1",4,2698,5,30
"97",3,3,1,2,"1",4,2698,5,30
"98",3,3,2,2,"1",4,2698,5,30
"99",3,3,5,2,"1",4,2698,5,30
"100",2,4,1,2,"1",4,2698,5,30
"101",2,4,2,2,"1",4,2698,5,30
"102",2,4,5,2,"1",4,2698,5,30
"103",3,5,1,2,"1",4,2698,5,30
"104",3,5,2,2,"1",4,2698,5,30
"105",3,5,5,2,"1",4,2698,5,30
"106",2,6,1,2,"1",4,2698,5,30
"107",2,6,2,2,"1",4,2698,5,30
"108",2,6,5,2,"1",4,2698,5,30
"109",2,7,1,2,"1",4,2698,5,30
"110",2,7,2,2,"1",4,2698,5,30
"111",2,7,5,2,"1",4,2698,5,30
"112",0,8,1,2,"1",4,2698,5,30
"113",1,8,2,2,"1",4,2698,5,30
"114",0,8,5,2,"1",4,2698,5,30
"115",0,9,1,2,"1",4,2698,5,30
"116",0,9,2,2,"1",4,2698,5,30
"117",2,9,5,2,"1",4,2698,5,30
"118",1,10,1,2,"1",4,2698,5,30
"119",1,10,2,2,"1",4,2698,5,30
"120",1,10,5,2,"1",4,2698,5,30
"121",0,11,1,2,"1",4,2698,5,30
"122",2,11,2,2,"1",4,2698,5,30
"123",0,11,5,2,"1",4,2698,5,30
"124",2,12,1,2,"1",4,2698,5,30
"125",2,12,2,2,"1",4,2698,5,30
"126",2,12,5,2,"1",4,2698,5,30
"127",2,13,1,2,"1",4,2698,5,30
"128",2,13,2,2,"1",4,2698,5,30
"129",2,13,5,2,"1",4,2698,5,30
"130",0,14,1,2,"1",4,2698,5,30
"131",2,14,2,2,"1",4,2698,5,30
"132",1,14,5,2,"1",4,2698,5,30
"133",3,15,1,2,"1",4,2698,5,30
"134",3,15,2,2,"1",4,2698,5,30
"135",3,15,5,2,"1",4,2698,5,30
"136",2,16,1,2,"1",4,2698,5,30
"137",2,16,2,2,"1",4,2698,5,30
"138",2,16,5,2,"1",4,2698,5,30
"139",0,17,1,2,"1",4,2698,5,30
"140",2,17,2,2,"1",4,2698,5,30
"141",0,17,5,2,"1",4,2698,5,30
"142",2,18,1,2,"1",4,2698,5,30
"143",2,18,2,2,"1",4,2698,5,30
"144",2,18,5,2,"1",4,2698,5,30
"145",2,19,1,2,"1",4,2698,5,30
"146",2,19,2,2,"1",4,2698,5,30
"147",2,19,5,2,"1",4,2698,5,30
"148",2,20,1,2,"1",4,2698,5,30
"149",2,20,2,2,"1",4,2698,5,30
"150",2,20,5,2,"1",4,2698,5,30
"151",2,21,1,2,"1",4,2698,5,30
"152",2,21,2,2,"1",4,2698,5,30
"153",2,21,5,2,"1",4,2698,5,30
"154",2,22,1,2,"1",4,2698,5,30
"155",2,22,2,2,"1",4,2698,5,30
"156",2,22,5,2,"1",4,2698,5,30
"157",1,23,1,2,"1",4,2698,5,30
"158",2,23,2,2,"1",4,2698,5,30
"159",1,23,5,2,"1",4,2698,5,30
"160",2,24,1,2,"1",4,2698,5,30
"161",1,24,2,2,"1",4,2698,5,30
"162",2,24,5,2,"1",4,2698,5,30
"163",2,25,1,2,"1",4,2698,5,30
"164",2,25,2,2,"1",4,2698,5,30
"165",1,25,5,2,"1",4,2698,5,30
"166",2,26,1,2,"1",4,2698,5,30
"167",2,26,2,2,"1",4,2698,5,30
"168",2,26,5,2,"1",4,2698,5,30
"169",2,27,1,2,"1",4,2698,5,30
"170",2,27,2,2,"1",4,2698,5,30
"171",2,27,5,2,"1",4,2698,5,30
"172",2,28,1,2,"1",4,2698,5,30
"173",2,28,2,2,"1",4,2698,5,30
"174",1,28,5,2,"1",4,2698,5,30
"175",2,29,1,2,"1",4,2698,5,30
"176",2,29,2,2,"1",4,2698,5,30
"177",2,29,5,2,"1",4,2698,5,30
"178",2,30,1,2,"1",4,2698,5,30
"179",2,30,2,2,"1",4,2698,5,30
"180",2,30,5,2,"1",4,2698,5,30
"181",2,1,1,3,"2",4,2698,5,30
"182",2,1,2,3,"2",4,2698,5,30
"183",1,1,5,3,"2",4,2698,5,30
"184",2,2,1,3,"2",4,2698,5,30
"185",2,2,2,3,"2",4,2698,5,30
"186",1,2,5,3,"2",4,2698,5,30
"187",3,3,1,3,"2",4,2698,5,30
"188",2,3,2,3,"2",4,2698,5,30
"189",3,3,5,3,"2",4,2698,5,30
"190",2,4,1,3,"2",4,2698,5,30
"191",2,4,2,3,"2",4,2698,5,30
"192",1,4,5,3,"2",4,2698,5,30
"193",3,5,1,3,"2",4,2698,5,30
"194",2,5,2,3,"2",4,2698,5,30
"195",3,5,5,3,"2",4,2698,5,30
"196",2,6,1,3,"2",4,2698,5,30
"197",2,6,2,3,"2",4,2698,5,30
"198",2,6,5,3,"2",4,2698,5,30
"199",2,7,1,3,"2",4,2698,5,30
"200",2,7,2,3,"2",4,2698,5,30
"201",2,7,5,3,"2",4,2698,5,30
"202",1,8,1,3,"2",4,2698,5,30
"203",1,8,2,3,"2",4,2698,5,30
"204",1,8,5,3,"2",4,2698,5,30
"205",3,9,1,3,"2",4,2698,5,30
"206",2,9,2,3,"2",4,2698,5,30
"207",2,9,5,3,"2",4,2698,5,30
"208",2,10,1,3,"2",4,2698,5,30
"209",2,10,2,3,"2",4,2698,5,30
"210",2,10,5,3,"2",4,2698,5,30
"211",0,11,1,3,"2",4,2698,5,30
"212",2,11,2,3,"2",4,2698,5,30
"213",0,11,5,3,"2",4,2698,5,30
"214",0,12,1,3,"2",4,2698,5,30
"215",0,12,2,3,"2",4,2698,5,30
"216",0,12,5,3,"2",4,2698,5,30
"217",2,13,1,3,"2",4,2698,5,30
"218",2,13,2,3,"2",4,2698,5,30
"219",2,13,5,3,"2",4,2698,5,30
"220",2,14,1,3,"2",4,2698,5,30
"221",2,14,2,3,"2",4,2698,5,30
"222",2,14,5,3,"2",4,2698,5,30
"223",3,15,1,3,"2",4,2698,5,30
"224",3,15,2,3,"2",4,2698,5,30
"225",3,15,5,3,"2",4,2698,5,30
"226",2,16,1,3,"2",4,2698,5,30
"227",3,16,2,3,"2",4,2698,5,30
"228",2,16,5,3,"2",4,2698,5,30
"229",0,17,1,3,"2",4,2698,5,30
"230",2,17,2,3,"2",4,2698,5,30
"231",0,17,5,3,"2",4,2698,5,30
"232",0,18,1,3,"2",4,2698,5,30
"233",0,18,2,3,"2",4,2698,5,30
"234",0,18,5,3,"2",4,2698,5,30
"235",1,19,1,3,"2",4,2698,5,30
"236",2,19,2,3,"2",4,2698,5,30
"237",2,19,5,3,"2",4,2698,5,30
"238",2,20,1,3,"2",4,2698,5,30
"239",2,20,2,3,"2",4,2698,5,30
"240",2,20,5,3,"2",4,2698,5,30
"241",2,21,1,3,"2",4,2698,5,30
"242",2,21,2,3,"2",4,2698,5,30
"243",2,21,5,3,"2",4,2698,5,30
"244",2,22,1,3,"2",4,2698,5,30
"245",2,22,2,3,"2",4,2698,5,30
"246",2,22,5,3,"2",4,2698,5,30
"247",2,23,1,3,"2",4,2698,5,30
"248",2,23,2,3,"2",4,2698,5,30
"249",2,23,5,3,"2",4,2698,5,30
"250",2,24,1,3,"2",4,2698,5,30
"251",1,24,2,3,"2",4,2698,5,30
"252",2,24,5,3,"2",4,2698,5,30
"253",2,25,1,3,"2",4,2698,5,30
"254",2,25,2,3,"2",4,2698,5,30
"255",2,25,5,3,"2",4,2698,5,30
"256",2,26,1,3,"2",4,2698,5,30
"257",2,26,2,3,"2",4,2698,5,30
"258",2,26,5,3,"2",4,2698,5,30
"259",2,27,1,3,"2",4,2698,5,30
"260",2,27,2,3,"2",4,2698,5,30
"261",2,27,5,3,"2",4,2698,5,30
"262",2,28,1,3,"2",4,2698,5,30
"263",2,28,2,3,"2",4,2698,5,30
"264",2,28,5,3,"2",4,2698,5,30
"265",2,29,1,3,"2",4,2698,5,30
"266",2,29,2,3,"2",4,2698,5,30
"267",2,29,5,3,"2",4,2698,5,30
"268",2,30,1,3,"2",4,2698,5,30
"269",2,30,2,3,"2",4,2698,5,30
"270",2,30,5,3,"2",4,2698,5,30
"271",2,1,1,4,"3",4,2698,5,30
"272",2,1,2,4,"3",4,2698,5,30
"273",3,1,5,4,"3",4,2698,5,30
"274",2,2,1,4,"3",4,2698,5,30
"275",2,2,2,4,"3",4,2698,5,30
"276",2,2,5,4,"3",4,2698,5,30
"277",3,3,1,4,"3",4,2698,5,30
"278",2,3,2,4,"3",4,2698,5,30
"279",3,3,5,4,"3",4,2698,5,30
"280",2,4,1,4,"3",4,2698,5,30
"281",2,4,2,4,"3",4,2698,5,30
"282",2,4,5,4,"3",4,2698,5,30
"283",3,5,1,4,"3",4,2698,5,30
"284",2,5,2,4,"3",4,2698,5,30
"285",3,5,5,4,"3",4,2698,5,30
"286",2,6,1,4,"3",4,2698,5,30
"287",2,6,2,4,"3",4,2698,5,30
"288",2,6,5,4,"3",4,2698,5,30
"289",2,7,1,4,"3",4,2698,5,30
"290",2,7,2,4,"3",4,2698,5,30
"291",2,7,5,4,"3",4,2698,5,30
"292",1,8,1,4,"3",4,2698,5,30
"293",1,8,2,4,"3",4,2698,5,30
"294",1,8,5,4,"3",4,2698,5,30
"295",3,9,1,4,"3",4,2698,5,30
"296",2,9,2,4,"3",4,2698,5,30
"297",3,9,5,4,"3",4,2698,5,30
"298",2,10,1,4,"3",4,2698,5,30
"299",2,10,2,4,"3",4,2698,5,30
"300",2,10,5,4,"3",4,2698,5,30
"301",0,11,1,4,"3",4,2698,5,30
"302",2,11,2,4,"3",4,2698,5,30
"303",0,11,5,4,"3",4,2698,5,30
"304",2,12,1,4,"3",4,2698,5,30
"305",2,12,2,4,"3",4,2698,5,30
"306",2,12,5,4,"3",4,2698,5,30
"307",2,13,1,4,"3",4,2698,5,30
"308",2,13,2,4,"3",4,2698,5,30
"309",2,13,5,4,"3",4,2698,5,30
"310",2,14,1,4,"3",4,2698,5,30
"311",2,14,2,4,"3",4,2698,5,30
"312",2,14,5,4,"3",4,2698,5,30
"313",2,15,1,4,"3",4,2698,5,30
"314",3,15,2,4,"3",4,2698,5,30
"315",3,15,5,4,"3",4,2698,5,30
"316",3,16,1,4,"3",4,2698,5,30
"317",3,16,2,4,"3",4,2698,5,30
"318",2,16,5,4,"3",4,2698,5,30
"319",0,17,1,4,"3",4,2698,5,30
"320",2,17,2,4,"3",4,2698,5,30
"321",0,17,5,4,"3",4,2698,5,30
"322",2,18,1,4,"3",4,2698,5,30
"323",2,18,2,4,"3",4,2698,5,30
"324",2,18,5,4,"3",4,2698,5,30
"325",2,19,1,4,"3",4,2698,5,30
"326",2,19,2,4,"3",4,2698,5,30
"327",2,19,5,4,"3",4,2698,5,30
"328",2,20,1,4,"3",4,2698,5,30
"329",2,20,2,4,"3",4,2698,5,30
"330",2,20,5,4,"3",4,2698,5,30
"331",2,21,1,4,"3",4,2698,5,30
"332",2,21,2,4,"3",4,2698,5,30
"333",2,21,5,4,"3",4,2698,5,30
"334",0,22,1,4,"3",4,2698,5,30
"335",2,22,2,4,"3",4,2698,5,30
"336",1,22,5,4,"3",4,2698,5,30
"337",2,23,1,4,"3",4,2698,5,30
"338",2,23,2,4,"3",4,2698,5,30
"339",2,23,5,4,"3",4,2698,5,30
"340",2,24,1,4,"3",4,2698,5,30
"341",2,24,2,4,"3",4,2698,5,30
"342",2,24,5,4,"3",4,2698,5,30
"343",2,25,1,4,"3",4,2698,5,30
"344",2,25,2,4,"3",4,2698,5,30
"345",2,25,5,4,"3",4,2698,5,30
"346",2,26,1,4,"3",4,2698,5,30
"347",2,26,2,4,"3",4,2698,5,30
"348",2,26,5,4,"3",4,2698,5,30
"349",2,27,1,4,"3",4,2698,5,30
"350",2,27,2,4,"3",4,2698,5,30
"351",2,27,5,4,"3",4,2698,5,30
"352",2,28,1,4,"3",4,2698,5,30
"353",2,28,2,4,"3",4,2698,5,30
"354",2,28,5,4,"3",4,2698,5,30
"355",2,29,1,4,"3",4,2698,5,30
"356",2,29,2,4,"3",4,2698,5,30
"357",2,29,5,4,"3",4,2698,5,30
"358",2,30,1,4,"3",4,2698,5,30
"359",2,30,2,4,"3",4,2698,5,30
"360",2,30,5,4,"3",4,2698,5,30
"361",1,1,1,5,"4",4,2698,5,30
"362",2,1,2,5,"4",4,2698,5,30
"363",1,1,5,5,"4",4,2698,5,30
"364",2,2,1,5,"4",4,2698,5,30
"365",2,2,2,5,"4",4,2698,5,30
"366",1,2,5,5,"4",4,2698,5,30
"367",3,3,1,5,"4",4,2698,5,30
"368",2,3,2,5,"4",4,2698,5,30
"369",3,3,5,5,"4",4,2698,5,30
"370",2,4,1,5,"4",4,2698,5,30
"371",2,4,2,5,"4",4,2698,5,30
"372",2,4,5,5,"4",4,2698,5,30
"373",2,5,1,5,"4",4,2698,5,30
"374",1,5,2,5,"4",4,2698,5,30
"375",2,5,5,5,"4",4,2698,5,30
"376",2,6,1,5,"4",4,2698,5,30
"377",1,6,2,5,"4",4,2698,5,30
"378",1,6,5,5,"4",4,2698,5,30
"379",2,7,1,5,"4",4,2698,5,30
"380",2,7,2,5,"4",4,2698,5,30
"381",2,7,5,5,"4",4,2698,5,30
"382",0,8,1,5,"4",4,2698,5,30
"383",1,8,2,5,"4",4,2698,5,30
"384",0,8,5,5,"4",4,2698,5,30
"385",0,9,1,5,"4",4,2698,5,30
"386",0,9,2,5,"4",4,2698,5,30
"387",0,9,5,5,"4",4,2698,5,30
"388",2,10,1,5,"4",4,2698,5,30
"389",2,10,2,5,"4",4,2698,5,30
"390",2,10,5,5,"4",4,2698,5,30
"391",0,11,1,5,"4",4,2698,5,30
"392",2,11,2,5,"4",4,2698,5,30
"393",0,11,5,5,"4",4,2698,5,30
"394",2,12,1,5,"4",4,2698,5,30
"395",2,12,2,5,"4",4,2698,5,30
"396",2,12,5,5,"4",4,2698,5,30
"397",2,13,1,5,"4",4,2698,5,30
"398",2,13,2,5,"4",4,2698,5,30
"399",1,13,5,5,"4",4,2698,5,30
"400",2,14,1,5,"4",4,2698,5,30
"401",2,14,2,5,"4",4,2698,5,30
"402",2,14,5,5,"4",4,2698,5,30
"403",3,15,1,5,"4",4,2698,5,30
"404",3,15,2,5,"4",4,2698,5,30
"405",3,15,5,5,"4",4,2698,5,30
"406",3,16,1,5,"4",4,2698,5,30
"407",3,16,2,5,"4",4,2698,5,30
"408",3,16,5,5,"4",4,2698,5,30
"409",2,17,1,5,"4",4,2698,5,30
"410",2,17,2,5,"4",4,2698,5,30
"411",2,17,5,5,"4",4,2698,5,30
"412",2,18,1,5,"4",4,2698,5,30
"413",2,18,2,5,"4",4,2698,5,30
"414",2,18,5,5,"4",4,2698,5,30
"415",2,19,1,5,"4",4,2698,5,30
"416",2,19,2,5,"4",4,2698,5,30
"417",2,19,5,5,"4",4,2698,5,30
"418",2,20,1,5,"4",4,2698,5,30
"419",1,20,2,5,"4",4,2698,5,30
"420",2,20,5,5,"4",4,2698,5,30
"421",2,21,1,5,"4",4,2698,5,30
"422",2,21,2,5,"4",4,2698,5,30
"423",2,21,5,5,"4",4,2698,5,30
"424",2,22,1,5,"4",4,2698,5,30
"425",2,22,2,5,"4",4,2698,5,30
"426",2,22,5,5,"4",4,2698,5,30
"427",2,23,1,5,"4",4,2698,5,30
"428",2,23,2,5,"4",4,2698,5,30
"429",1,23,5,5,"4",4,2698,5,30
"430",2,24,1,5,"4",4,2698,5,30
"431",1,24,2,5,"4",4,2698,5,30
"432",2,24,5,5,"4",4,2698,5,30
"433",2,25,1,5,"4",4,2698,5,30
"434",2,25,2,5,"4",4,2698,5,30
"435",2,25,5,5,"4",4,2698,5,30
"436",2,26,1,5,"4",4,2698,5,30
"437",2,26,2,5,"4",4,2698,5,30
"438",2,26,5,5,"4",4,2698,5,30
"439",2,27,1,5,"4",4,2698,5,30
"440",2,27,2,5,"4",4,2698,5,30
"441",2,27,5,5,"4",4,2698,5,30
"442",2,28,1,5,"4",4,2698,5,30
"443",2,28,2,5,"4",4,2698,5,30
"444",2,28,5,5,"4",4,2698,5,30
"445",2,29,1,5,"4",4,2698,5,30
"446",2,29,2,5,"4",4,2698,5,30
"447",2,29,5,5,"4",4,2698,5,30
"448",2,30,1,5,"4",4,2698,5,30
"449",2,30,2,5,"4",4,2698,5,30
"450",2,30,5,5,"4",4,2698,5,30
"451",2,1,1,6,"5",4,2698,5,30
"452",2,1,2,6,"5",4,2698,5,30
"453",2,1,5,6,"5",4,2698,5,30
"454",2,2,1,6,"5",4,2698,5,30
"455",2,2,2,6,"5",4,2698,5,30
"456",2,2,5,6,"5",4,2698,5,30
"457",3,3,1,6,"5",4,2698,5,30
"458",2,3,2,6,"5",4,2698,5,30
"459",3,3,5,6,"5",4,2698,5,30
"460",2,4,1,6,"5",4,2698,5,30
"461",2,4,2,6,"5",4,2698,5,30
"462",2,4,5,6,"5",4,2698,5,30
"463",2,5,1,6,"5",4,2698,5,30
"464",1,5,2,6,"5",4,2698,5,30
"465",2,5,5,6,"5",4,2698,5,30
"466",2,6,1,6,"5",4,2698,5,30
"467",2,6,2,6,"5",4,2698,5,30
"468",2,6,5,6,"5",4,2698,5,30
"469",2,7,1,6,"5",4,2698,5,30
"470",2,7,2,6,"5",4,2698,5,30
"471",2,7,5,6,"5",4,2698,5,30
"472",1,8,1,6,"5",4,2698,5,30
"473",1,8,2,6,"5",4,2698,5,30
"474",1,8,5,6,"5",4,2698,5,30
"475",2,9,1,6,"5",4,2698,5,30
"476",1,9,2,6,"5",4,2698,5,30
"477",2,9,5,6,"5",4,2698,5,30
"478",1,10,1,6,"5",4,2698,5,30
"479",1,10,2,6,"5",4,2698,5,30
"480",1,10,5,6,"5",4,2698,5,30
"481",0,11,1,6,"5",4,2698,5,30
"482",2,11,2,6,"5",4,2698,5,30
"483",0,11,5,6,"5",4,2698,5,30
"484",2,12,1,6,"5",4,2698,5,30
"485",2,12,2,6,"5",4,2698,5,30
"486",2,12,5,6,"5",4,2698,5,30
"487",2,13,1,6,"5",4,2698,5,30
"488",2,13,2,6,"5",4,2698,5,30
"489",2,13,5,6,"5",4,2698,5,30
"490",0,14,1,6,"5",4,2698,5,30
"491",0,14,2,6,"5",4,2698,5,30
"492",0,14,5,6,"5",4,2698,5,30
"493",3,15,1,6,"5",4,2698,5,30
"494",1,15,2,6,"5",4,2698,5,30
"495",1,15,5,6,"5",4,2698,5,30
"496",3,16,1,6,"5",4,2698,5,30
"497",3,16,2,6,"5",4,2698,5,30
"498",2,16,5,6,"5",4,2698,5,30
"499",0,17,1,6,"5",4,2698,5,30
"500",2,17,2,6,"5",4,2698,5,30
"501",0,17,5,6,"5",4,2698,5,30
"502",2,18,1,6,"5",4,2698,5,30
"503",1,18,2,6,"5",4,2698,5,30
"504",2,18,5,6,"5",4,2698,5,30
"505",1,19,1,6,"5",4,2698,5,30
"506",2,19,2,6,"5",4,2698,5,30
"507",2,19,5,6,"5",4,2698,5,30
"508",0,20,1,6,"5",4,2698,5,30
"509",0,20,2,6,"5",4,2698,5,30
"510",0,20,5,6,"5",4,2698,5,30
"511",2,21,1,6,"5",4,2698,5,30
"512",2,21,2,6,"5",4,2698,5,30
"513",2,21,5,6,"5",4,2698,5,30
"514",2,22,1,6,"5",4,2698,5,30
"515",2,22,2,6,"5",4,2698,5,30
"516",2,22,5,6,"5",4,2698,5,30
"517",2,23,1,6,"5",4,2698,5,30
"518",2,23,2,6,"5",4,2698,5,30
"519",1,23,5,6,"5",4,2698,5,30
"520",2,24,1,6,"5",4,2698,5,30
"521",1,24,2,6,"5",4,2698,5,30
"522",2,24,5,6,"5",4,2698,5,30
"523",2,25,1,6,"5",4,2698,5,30
"524",2,25,2,6,"5",4,2698,5,30
"525",2,25,5,6,"5",4,2698,5,30
"526",2,26,1,6,"5",4,2698,5,30
"527",2,26,2,6,"5",4,2698,5,30
"528",2,26,5,6,"5",4,2698,5,30
"529",2,27,1,6,"5",4,2698,5,30
"530",1,27,2,6,"5",4,2698,5,30
"531",2,27,5,6,"5",4,2698,5,30
"532",2,28,1,6,"5",4,2698,5,30
"533",1,28,2,6,"5",4,2698,5,30
"534",1,28,5,6,"5",4,2698,5,30
"535",2,29,1,6,"5",4,2698,5,30
"536",1,29,2,6,"5",4,2698,5,30
"537",2,29,5,6,"5",4,2698,5,30
"538",2,30,1,6,"5",4,2698,5,30
"539",1,30,2,6,"5",4,2698,5,30
"540",2,30,5,6,"5",4,2698,5,30
"541",2,1,1,7,"6",4,2698,5,30
"542",2,1,2,7,"6",4,2698,5,30
"543",2,1,5,7,"6",4,2698,5,30
"544",2,2,1,7,"6",4,2698,5,30
"545",2,2,2,7,"6",4,2698,5,30
"546",2,2,5,7,"6",4,2698,5,30
"547",3,3,1,7,"6",4,2698,5,30
"548",2,3,2,7,"6",4,2698,5,30
"549",2,3,5,7,"6",4,2698,5,30
"550",2,4,1,7,"6",4,2698,5,30
"551",2,4,2,7,"6",4,2698,5,30
"552",2,4,5,7,"6",4,2698,5,30
"553",2,5,1,7,"6",4,2698,5,30
"554",1,5,2,7,"6",4,2698,5,30
"555",2,5,5,7,"6",4,2698,5,30
"556",2,6,1,7,"6",4,2698,5,30
"557",2,6,2,7,"6",4,2698,5,30
"558",2,6,5,7,"6",4,2698,5,30
"559",2,7,1,7,"6",4,2698,5,30
"560",2,7,2,7,"6",4,2698,5,30
"561",2,7,5,7,"6",4,2698,5,30
"562",1,8,1,7,"6",4,2698,5,30
"563",2,8,2,7,"6",4,2698,5,30
"564",1,8,5,7,"6",4,2698,5,30
"565",3,9,1,7,"6",4,2698,5,30
"566",3,9,2,7,"6",4,2698,5,30
"567",3,9,5,7,"6",4,2698,5,30
"568",1,10,1,7,"6",4,2698,5,30
"569",1,10,2,7,"6",4,2698,5,30
"570",2,10,5,7,"6",4,2698,5,30
"571",0,11,1,7,"6",4,2698,5,30
"572",2,11,2,7,"6",4,2698,5,30
"573",0,11,5,7,"6",4,2698,5,30
"574",2,12,1,7,"6",4,2698,5,30
"575",2,12,2,7,"6",4,2698,5,30
"576",2,12,5,7,"6",4,2698,5,30
"577",2,13,1,7,"6",4,2698,5,30
"578",2,13,2,7,"6",4,2698,5,30
"579",2,13,5,7,"6",4,2698,5,30
"580",2,14,1,7,"6",4,2698,5,30
"581",2,14,2,7,"6",4,2698,5,30
"582",2,14,5,7,"6",4,2698,5,30
"583",3,15,1,7,"6",4,2698,5,30
"584",3,15,2,7,"6",4,2698,5,30
"585",2,15,5,7,"6",4,2698,5,30
"586",3,16,1,7,"6",4,2698,5,30
"587",3,16,2,7,"6",4,2698,5,30
"588",3,16,5,7,"6",4,2698,5,30
"589",1,17,1,7,"6",4,2698,5,30
"590",2,17,2,7,"6",4,2698,5,30
"591",1,17,5,7,"6",4,2698,5,30
"592",2,18,1,7,"6",4,2698,5,30
"593",2,18,2,7,"6",4,2698,5,30
"594",2,18,5,7,"6",4,2698,5,30
"595",1,19,1,7,"6",4,2698,5,30
"596",2,19,2,7,"6",4,2698,5,30
"597",2,19,5,7,"6",4,2698,5,30
"598",2,20,1,7,"6",4,2698,5,30
"599",2,20,2,7,"6",4,2698,5,30
"600",2,20,5,7,"6",4,2698,5,30
"601",2,21,1,7,"6",4,2698,5,30
"602",2,21,2,7,"6",4,2698,5,30
"603",2,21,5,7,"6",4,2698,5,30
"604",2,22,1,7,"6",4,2698,5,30
"605",2,22,2,7,"6",4,2698,5,30
"606",2,22,5,7,"6",4,2698,5,30
"607",2,23,1,7,"6",4,2698,5,30
"608",2,23,2,7,"6",4,2698,5,30
"609",2,23,5,7,"6",4,2698,5,30
"610",2,24,1,7,"6",4,2698,5,30
"611",2,24,2,7,"6",4,2698,5,30
"612",2,24,5,7,"6",4,2698,5,30
"613",2,25,1,7,"6",4,2698,5,30
"614",1,25,2,7,"6",4,2698,5,30
"615",2,25,5,7,"6",4,2698,5,30
"616",2,26,1,7,"6",4,2698,5,30
"617",2,26,2,7,"6",4,2698,5,30
"618",2,26,5,7,"6",4,2698,5,30
"619",2,27,1,7,"6",4,2698,5,30
"620",1,27,2,7,"6",4,2698,5,30
"621",2,27,5,7,"6",4,2698,5,30
"622",2,28,1,7,"6",4,2698,5,30
"623",1,28,2,7,"6",4,2698,5,30
"624",2,28,5,7,"6",4,2698,5,30
"625",2,29,1,7,"6",4,2698,5,30
"626",2,29,2,7,"6",4,2698,5,30
"627",2,29,5,7,"6",4,2698,5,30
"628",2,30,1,7,"6",4,2698,5,30
"629",1,30,2,7,"6",4,2698,5,30
"630",2,30,5,7,"6",4,2698,5,30
"631",1,1,1,8,"7",4,2698,5,30
"632",1,1,2,8,"7",4,2698,5,30
"633",1,1,5,8,"7",4,2698,5,30
"634",0,2,1,8,"7",4,2698,5,30
"635",0,2,2,8,"7",4,2698,5,30
"636",0,2,5,8,"7",4,2698,5,30
"637",1,3,1,8,"7",4,2698,5,30
"638",1,3,2,8,"7",4,2698,5,30
"639",1,3,5,8,"7",4,2698,5,30
"640",0,4,1,8,"7",4,2698,5,30
"641",0,4,2,8,"7",4,2698,5,30
"642",0,4,5,8,"7",4,2698,5,30
"643",3,5,1,8,"7",4,2698,5,30
"644",2,5,2,8,"7",4,2698,5,30
"645",3,5,5,8,"7",4,2698,5,30
"646",2,6,1,8,"7",4,2698,5,30
"647",2,6,2,8,"7",4,2698,5,30
"648",2,6,5,8,"7",4,2698,5,30
"649",2,7,1,8,"7",4,2698,5,30
"650",2,7,2,8,"7",4,2698,5,30
"651",2,7,5,8,"7",4,2698,5,30
"652",1,8,1,8,"7",4,2698,5,30
"653",1,8,2,8,"7",4,2698,5,30
"654",1,8,5,8,"7",4,2698,5,30
"655",2,9,1,8,"7",4,2698,5,30
"656",2,9,2,8,"7",4,2698,5,30
"657",2,9,5,8,"7",4,2698,5,30
"658",1,10,1,8,"7",4,2698,5,30
"659",1,10,2,8,"7",4,2698,5,30
"660",1,10,5,8,"7",4,2698,5,30
"661",2,11,1,8,"7",4,2698,5,30
"662",0,11,2,8,"7",4,2698,5,30
"663",2,11,5,8,"7",4,2698,5,30
"664",0,12,1,8,"7",4,2698,5,30
"665",0,12,2,8,"7",4,2698,5,30
"666",0,12,5,8,"7",4,2698,5,30
"667",0,13,1,8,"7",4,2698,5,30
"668",0,13,2,8,"7",4,2698,5,30
"669",0,13,5,8,"7",4,2698,5,30
"670",0,14,1,8,"7",4,2698,5,30
"671",0,14,2,8,"7",4,2698,5,30
"672",0,14,5,8,"7",4,2698,5,30
"673",1,15,1,8,"7",4,2698,5,30
"674",1,15,2,8,"7",4,2698,5,30
"675",1,15,5,8,"7",4,2698,5,30
"676",2,16,1,8,"7",4,2698,5,30
"677",3,16,2,8,"7",4,2698,5,30
"678",3,16,5,8,"7",4,2698,5,30
"679",0,17,1,8,"7",4,2698,5,30
"680",2,17,2,8,"7",4,2698,5,30
"681",0,17,5,8,"7",4,2698,5,30
"682",0,18,1,8,"7",4,2698,5,30
"683",1,18,2,8,"7",4,2698,5,30
"684",0,18,5,8,"7",4,2698,5,30
"685",0,19,1,8,"7",4,2698,5,30
"686",0,19,2,8,"7",4,2698,5,30
"687",0,19,5,8,"7",4,2698,5,30
"688",2,20,1,8,"7",4,2698,5,30
"689",2,20,2,8,"7",4,2698,5,30
"690",2,20,5,8,"7",4,2698,5,30
"691",2,21,1,8,"7",4,2698,5,30
"692",2,21,2,8,"7",4,2698,5,30
"693",2,21,5,8,"7",4,2698,5,30
"694",2,22,1,8,"7",4,2698,5,30
"695",2,22,2,8,"7",4,2698,5,30
"696",2,22,5,8,"7",4,2698,5,30
"697",1,23,1,8,"7",4,2698,5,30
"698",1,23,2,8,"7",4,2698,5,30
"699",1,23,5,8,"7",4,2698,5,30
"700",2,24,1,8,"7",4,2698,5,30
"701",1,24,2,8,"7",4,2698,5,30
"702",2,24,5,8,"7",4,2698,5,30
"703",2,25,1,8,"7",4,2698,5,30
"704",0,25,2,8,"7",4,2698,5,30
"705",2,25,5,8,"7",4,2698,5,30
"706",2,26,1,8,"7",4,2698,5,30
"707",1,26,2,8,"7",4,2698,5,30
"708",2,26,5,8,"7",4,2698,5,30
"709",2,27,1,8,"7",4,2698,5,30
"710",2,27,2,8,"7",4,2698,5,30
"711",2,27,5,8,"7",4,2698,5,30
"712",2,28,1,8,"7",4,2698,5,30
"713",0,28,2,8,"7",4,2698,5,30
"714",1,28,5,8,"7",4,2698,5,30
"715",2,29,1,8,"7",4,2698,5,30
"716",0,29,2,8,"7",4,2698,5,30
"717",1,29,5,8,"7",4,2698,5,30
"718",2,30,1,8,"7",4,2698,5,30
"719",0,30,2,8,"7",4,2698,5,30
"720",1,30,5,8,"7",4,2698,5,30
"721",2,1,1,9,"8",4,2698,5,30
"722",2,1,2,9,"8",4,2698,5,30
"723",2,1,5,9,"8",4,2698,5,30
"724",2,2,1,9,"8",4,2698,5,30
"725",2,2,2,9,"8",4,2698,5,30
"726",2,2,5,9,"8",4,2698,5,30
"727",3,3,1,9,"8",4,2698,5,30
"728",2,3,2,9,"8",4,2698,5,30
"729",3,3,5,9,"8",4,2698,5,30
"730",2,4,1,9,"8",4,2698,5,30
"731",2,4,2,9,"8",4,2698,5,30
"732",2,4,5,9,"8",4,2698,5,30
"733",2,5,1,9,"8",4,2698,5,30
"734",1,5,2,9,"8",4,2698,5,30
"735",2,5,5,9,"8",4,2698,5,30
"736",2,6,1,9,"8",4,2698,5,30
"737",2,6,2,9,"8",4,2698,5,30
"738",2,6,5,9,"8",4,2698,5,30
"739",2,7,1,9,"8",4,2698,5,30
"740",2,7,2,9,"8",4,2698,5,30
"741",2,7,5,9,"8",4,2698,5,30
"742",1,8,1,9,"8",4,2698,5,30
"743",1,8,2,9,"8",4,2698,5,30
"744",1,8,5,9,"8",4,2698,5,30
"745",3,9,1,9,"8",4,2698,5,30
"746",3,9,2,9,"8",4,2698,5,30
"747",3,9,5,9,"8",4,2698,5,30
"748",2,10,1,9,"8",4,2698,5,30
"749",2,10,2,9,"8",4,2698,5,30
"750",2,10,5,9,"8",4,2698,5,30
"751",0,11,1,9,"8",4,2698,5,30
"752",0,11,2,9,"8",4,2698,5,30
"753",0,11,5,9,"8",4,2698,5,30
"754",2,12,1,9,"8",4,2698,5,30
"755",2,12,2,9,"8",4,2698,5,30
"756",2,12,5,9,"8",4,2698,5,30
"757",0,13,1,9,"8",4,2698,5,30
"758",0,13,2,9,"8",4,2698,5,30
"759",0,13,5,9,"8",4,2698,5,30
"760",2,14,1,9,"8",4,2698,5,30
"761",2,14,2,9,"8",4,2698,5,30
"762",2,14,5,9,"8",4,2698,5,30
"763",2,15,1,9,"8",4,2698,5,30
"764",3,15,2,9,"8",4,2698,5,30
"765",2,15,5,9,"8",4,2698,5,30
"766",3,16,1,9,"8",4,2698,5,30
"767",3,16,2,9,"8",4,2698,5,30
"768",3,16,5,9,"8",4,2698,5,30
"769",0,17,1,9,"8",4,2698,5,30
"770",2,17,2,9,"8",4,2698,5,30
"771",0,17,5,9,"8",4,2698,5,30
"772",0,18,1,9,"8",4,2698,5,30
"773",0,18,2,9,"8",4,2698,5,30
"774",0,18,5,9,"8",4,2698,5,30
"775",0,19,1,9,"8",4,2698,5,30
"776",0,19,2,9,"8",4,2698,5,30
"777",0,19,5,9,"8",4,2698,5,30
"778",0,20,1,9,"8",4,2698,5,30
"779",0,20,2,9,"8",4,2698,5,30
"780",0,20,5,9,"8",4,2698,5,30
"781",2,21,1,9,"8",4,2698,5,30
"782",2,21,2,9,"8",4,2698,5,30
"783",2,21,5,9,"8",4,2698,5,30
"784",0,22,1,9,"8",4,2698,5,30
"785",3,22,2,9,"8",4,2698,5,30
"786",0,22,5,9,"8",4,2698,5,30
"787",2,23,1,9,"8",4,2698,5,30
"788",2,23,2,9,"8",4,2698,5,30
"789",1,23,5,9,"8",4,2698,5,30
"790",2,24,1,9,"8",4,2698,5,30
"791",3,24,2,9,"8",4,2698,5,30
"792",2,24,5,9,"8",4,2698,5,30
"793",2,25,1,9,"8",4,2698,5,30
"794",2,25,2,9,"8",4,2698,5,30
"795",2,25,5,9,"8",4,2698,5,30
"796",2,26,1,9,"8",4,2698,5,30
"797",2,26,2,9,"8",4,2698,5,30
"798",2,26,5,9,"8",4,2698,5,30
"799",2,27,1,9,"8",4,2698,5,30
"800",2,27,2,9,"8",4,2698,5,30
"801",2,27,5,9,"8",4,2698,5,30
"802",2,28,1,9,"8",4,2698,5,30
"803",2,28,2,9,"8",4,2698,5,30
"804",1,28,5,9,"8",4,2698,5,30
"805",2,29,1,9,"8",4,2698,5,30
"806",2,29,2,9,"8",4,2698,5,30
"807",1,29,5,9,"8",4,2698,5,30
"808",1,30,1,9,"8",4,2698,5,30
"809",2,30,2,9,"8",4,2698,5,30
"810",1,30,5,9,"8",4,2698,5,30
"811",2,1,1,10,"9",4,2698,5,30
"812",2,1,2,10,"9",4,2698,5,30
"813",2,1,5,10,"9",4,2698,5,30
"814",2,2,1,10,"9",4,2698,5,30
"815",2,2,2,10,"9",4,2698,5,30
"816",2,2,5,10,"9",4,2698,5,30
"817",3,3,1,10,"9",4,2698,5,30
"818",2,3,2,10,"9",4,2698,5,30
"819",3,3,5,10,"9",4,2698,5,30
"820",1,4,1,10,"9",4,2698,5,30
"821",1,4,2,10,"9",4,2698,5,30
"822",2,4,5,10,"9",4,2698,5,30
"823",3,5,1,10,"9",4,2698,5,30
"824",2,5,2,10,"9",4,2698,5,30
"825",3,5,5,10,"9",4,2698,5,30
"826",2,6,1,10,"9",4,2698,5,30
"827",2,6,2,10,"9",4,2698,5,30
"828",2,6,5,10,"9",4,2698,5,30
"829",2,7,1,10,"9",4,2698,5,30
"830",2,7,2,10,"9",4,2698,5,30
"831",2,7,5,10,"9",4,2698,5,30
"832",0,8,1,10,"9",4,2698,5,30
"833",1,8,2,10,"9",4,2698,5,30
"834",0,8,5,10,"9",4,2698,5,30
"835",0,9,1,10,"9",4,2698,5,30
"836",0,9,2,10,"9",4,2698,5,30
"837",0,9,5,10,"9",4,2698,5,30
"838",1,10,1,10,"9",4,2698,5,30
"839",1,10,2,10,"9",4,2698,5,30
"840",1,10,5,10,"9",4,2698,5,30
"841",0,11,1,10,"9",4,2698,5,30
"842",2,11,2,10,"9",4,2698,5,30
"843",0,11,5,10,"9",4,2698,5,30
"844",2,12,1,10,"9",4,2698,5,30
"845",2,12,2,10,"9",4,2698,5,30
"846",2,12,5,10,"9",4,2698,5,30
"847",2,13,1,10,"9",4,2698,5,30
"848",2,13,2,10,"9",4,2698,5,30
"849",2,13,5,10,"9",4,2698,5,30
"850",2,14,1,10,"9",4,2698,5,30
"851",2,14,2,10,"9",4,2698,5,30
"852",2,14,5,10,"9",4,2698,5,30
"853",2,15,1,10,"9",4,2698,5,30
"854",3,15,2,10,"9",4,2698,5,30
"855",3,15,5,10,"9",4,2698,5,30
"856",2,16,1,10,"9",4,2698,5,30
"857",2,16,2,10,"9",4,2698,5,30
"858",2,16,5,10,"9",4,2698,5,30
"859",2,17,1,10,"9",4,2698,5,30
"860",2,17,2,10,"9",4,2698,5,30
"861",1,17,5,10,"9",4,2698,5,30
"862",1,18,1,10,"9",4,2698,5,30
"863",2,18,2,10,"9",4,2698,5,30
"864",2,18,5,10,"9",4,2698,5,30
"865",2,19,1,10,"9",4,2698,5,30
"866",2,19,2,10,"9",4,2698,5,30
"867",2,19,5,10,"9",4,2698,5,30
"868",2,20,1,10,"9",4,2698,5,30
"869",2,20,2,10,"9",4,2698,5,30
"870",2,20,5,10,"9",4,2698,5,30
"871",2,21,1,10,"9",4,2698,5,30
"872",2,21,2,10,"9",4,2698,5,30
"873",2,21,5,10,"9",4,2698,5,30
"874",0,22,1,10,"9",4,2698,5,30
"875",2,22,2,10,"9",4,2698,5,30
"876",0,22,5,10,"9",4,2698,5,30
"877",2,23,1,10,"9",4,2698,5,30
"878",2,23,2,10,"9",4,2698,5,30
"879",2,23,5,10,"9",4,2698,5,30
"880",2,24,1,10,"9",4,2698,5,30
"881",1,24,2,10,"9",4,2698,5,30
"882",2,24,5,10,"9",4,2698,5,30
"883",2,25,1,10,"9",4,2698,5,30
"884",2,25,2,10,"9",4,2698,5,30
"885",2,25,5,10,"9",4,2698,5,30
"886",2,26,1,10,"9",4,2698,5,30
"887",2,26,2,10,"9",4,2698,5,30
"888",2,26,5,10,"9",4,2698,5,30
"889",2,27,1,10,"9",4,2698,5,30
"890",1,27,2,10,"9",4,2698,5,30
"891",1,27,5,10,"9",4,2698,5,30
"892",2,28,1,10,"9",4,2698,5,30
"893",2,28,2,10,"9",4,2698,5,30
"894",2,28,5,10,"9",4,2698,5,30
"895",2,29,1,10,"9",4,2698,5,30
"896",2,29,2,10,"9",4,2698,5,30
"897",1,29,5,10,"9",4,2698,5,30
"898",2,30,1,10,"9",4,2698,5,30
"899",2,30,2,10,"9",4,2698,5,30
"900",2,30,5,10,"9",4,2698,5,30
"901",2,1,1,11,"10",4,2698,5,30
"902",1,1,3,11,"0",4,2698,5,30
"903",1,1,5,11,"10",4,2698,5,30
"904",2,2,1,11,"10",4,2698,5,30
"905",1,2,3,11,"0",4,2698,5,30
"906",2,2,5,11,"10",4,2698,5,30
"907",2,3,1,11,"10",4,2698,5,30
"908",3,3,3,11,"0",4,2698,5,30
"909",2,3,5,11,"10",4,2698,5,30
"910",2,4,1,11,"10",4,2698,5,30
"911",2,4,3,11,"0",4,2698,5,30
"912",1,4,5,11,"10",4,2698,5,30
"913",3,5,1,11,"10",4,2698,5,30
"914",3,5,3,11,"0",4,2698,5,30
"915",3,5,5,11,"10",4,2698,5,30
"916",2,6,1,11,"10",4,2698,5,30
"917",3,6,3,11,"0",4,2698,5,30
"918",2,6,5,11,"10",4,2698,5,30
"919",2,7,1,11,"10",4,2698,5,30
"920",3,7,3,11,"0",4,2698,5,30
"921",2,7,5,11,"10",4,2698,5,30
"922",1,8,1,11,"10",4,2698,5,30
"923",1,8,3,11,"0",4,2698,5,30
"924",1,8,5,11,"10",4,2698,5,30
"925",3,9,1,11,"10",4,2698,5,30
"926",3,9,3,11,"0",4,2698,5,30
"927",3,9,5,11,"10",4,2698,5,30
"928",1,10,1,11,"10",4,2698,5,30
"929",1,10,3,11,"0",4,2698,5,30
"930",1,10,5,11,"10",4,2698,5,30
"931",0,11,1,11,"10",4,2698,5,30
"932",2,11,2,11,"10",4,2698,5,30
"933",1,11,5,11,"10",4,2698,5,30
"934",2,12,1,11,"10",4,2698,5,30
"935",2,12,3,11,"0",4,2698,5,30
"936",2,12,5,11,"10",4,2698,5,30
"937",2,13,1,11,"10",4,2698,5,30
"938",2,13,3,11,"0",4,2698,5,30
"939",2,13,5,11,"10",4,2698,5,30
"940",2,14,1,11,"10",4,2698,5,30
"941",2,14,3,11,"0",4,2698,5,30
"942",2,14,5,11,"10",4,2698,5,30
"943",0,15,1,11,"10",4,2698,5,30
"944",0,15,3,11,"0",4,2698,5,30
"945",0,15,5,11,"10",4,2698,5,30
"946",2,16,1,11,"10",4,2698,5,30
"947",3,16,3,11,"0",4,2698,5,30
"948",2,16,5,11,"10",4,2698,5,30
"949",0,17,1,11,"10",4,2698,5,30
"950",2,17,3,11,"0",4,2698,5,30
"951",0,17,5,11,"10",4,2698,5,30
"952",2,18,1,11,"10",4,2698,5,30
"953",2,18,3,11,"0",4,2698,5,30
"954",2,18,5,11,"10",4,2698,5,30
"955",1,19,1,11,"10",4,2698,5,30
"956",2,19,3,11,"0",4,2698,5,30
"957",1,19,5,11,"10",4,2698,5,30
"958",2,20,1,11,"10",4,2698,5,30
"959",2,20,3,11,"0",4,2698,5,30
"960",2,20,5,11,"10",4,2698,5,30
"961",2,21,1,11,"10",4,2698,5,30
"962",3,21,3,11,"0",4,2698,5,30
"963",2,21,5,11,"10",4,2698,5,30
"964",1,22,1,11,"10",4,2698,5,30
"965",2,22,3,11,"0",4,2698,5,30
"966",2,22,5,11,"10",4,2698,5,30
"967",2,23,1,11,"10",4,2698,5,30
"968",3,23,3,11,"0",4,2698,5,30
"969",1,23,5,11,"10",4,2698,5,30
"970",2,24,1,11,"10",4,2698,5,30
"971",3,24,3,11,"0",4,2698,5,30
"972",2,24,5,11,"10",4,2698,5,30
"973",2,25,1,11,"10",4,2698,5,30
"974",2,25,3,11,"0",4,2698,5,30
"975",2,25,5,11,"10",4,2698,5,30
"976",2,26,1,11,"10",4,2698,5,30
"977",2,26,3,11,"0",4,2698,5,30
"978",2,26,5,11,"10",4,2698,5,30
"979",2,27,1,11,"10",4,2698,5,30
"980",3,27,3,11,"0",4,2698,5,30
"981",2,27,5,11,"10",4,2698,5,30
"982",2,28,1,11,"10",4,2698,5,30
"983",2,28,3,11,"0",4,2698,5,30
"984",2,28,5,11,"10",4,2698,5,30
"985",2,29,1,11,"10",4,2698,5,30
"986",2,29,3,11,"0",4,2698,5,30
"987",2,29,5,11,"10",4,2698,5,30
"988",2,30,1,11,"10",4,2698,5,30
"989",2,30,3,11,"0",4,2698,5,30
"990",2,30,5,11,"10",4,2698,5,30
"991",2,1,1,12,"11",4,2698,5,30
"992",2,1,3,12,"11",4,2698,5,30
"993",2,1,5,12,"11",4,2698,5,30
"994",2,2,1,12,"11",4,2698,5,30
"995",1,2,3,12,"11",4,2698,5,30
"996",2,2,5,12,"11",4,2698,5,30
"997",3,3,1,12,"11",4,2698,5,30
"998",3,3,3,12,"11",4,2698,5,30
"999",3,3,5,12,"11",4,2698,5,30
"1000",2,4,1,12,"11",4,2698,5,30
"1001",2,4,3,12,"11",4,2698,5,30
"1002",2,4,5,12,"11",4,2698,5,30
"1003",3,5,1,12,"11",4,2698,5,30
"1004",3,5,3,12,"11",4,2698,5,30
"1005",3,5,5,12,"11",4,2698,5,30
"1006",2,6,1,12,"11",4,2698,5,30
"1007",3,6,3,12,"11",4,2698,5,30
"1008",3,6,5,12,"11",4,2698,5,30
"1009",2,7,1,12,"11",4,2698,5,30
"1010",3,7,3,12,"11",4,2698,5,30
"1011",2,7,5,12,"11",4,2698,5,30
"1012",2,8,1,12,"11",4,2698,5,30
"1013",1,8,3,12,"11",4,2698,5,30
"1014",2,8,5,12,"11",4,2698,5,30
"1015",3,9,1,12,"11",4,2698,5,30
"1016",3,9,3,12,"11",4,2698,5,30
"1017",3,9,5,12,"11",4,2698,5,30
"1018",2,10,1,12,"11",4,2698,5,30
"1019",1,10,3,12,"11",4,2698,5,30
"1020",1,10,5,12,"11",4,2698,5,30
"1021",2,11,1,12,"11",4,2698,5,30
"1022",0,11,3,12,"11",4,2698,5,30
"1023",2,11,5,12,"11",4,2698,5,30
"1024",2,12,1,12,"11",4,2698,5,30
"1025",2,12,3,12,"11",4,2698,5,30
"1026",2,12,5,12,"11",4,2698,5,30
"1027",2,13,1,12,"11",4,2698,5,30
"1028",0,13,3,12,"11",4,2698,5,30
"1029",2,13,5,12,"11",4,2698,5,30
"1030",2,14,1,12,"11",4,2698,5,30
"1031",2,14,3,12,"11",4,2698,5,30
"1032",2,14,5,12,"11",4,2698,5,30
"1033",2,15,1,12,"11",4,2698,5,30
"1034",3,15,3,12,"11",4,2698,5,30
"1035",2,15,5,12,"11",4,2698,5,30
"1036",3,16,1,12,"11",4,2698,5,30
"1037",2,16,3,12,"11",4,2698,5,30
"1038",2,16,5,12,"11",4,2698,5,30
"1039",0,17,1,12,"11",4,2698,5,30
"1040",2,17,3,12,"11",4,2698,5,30
"1041",0,17,5,12,"11",4,2698,5,30
"1042",0,18,1,12,"11",4,2698,5,30
"1043",2,18,3,12,"11",4,2698,5,30
"1044",0,18,5,12,"11",4,2698,5,30
"1045",2,19,1,12,"11",4,2698,5,30
"1046",2,19,3,12,"11",4,2698,5,30
"1047",2,19,5,12,"11",4,2698,5,30
"1048",2,20,1,12,"11",4,2698,5,30
"1049",2,20,3,12,"11",4,2698,5,30
"1050",2,20,5,12,"11",4,2698,5,30
"1051",2,21,1,12,"11",4,2698,5,30
"1052",2,21,3,12,"11",4,2698,5,30
"1053",2,21,5,12,"11",4,2698,5,30
"1054",0,22,1,12,"11",4,2698,5,30
"1055",3,22,3,12,"11",4,2698,5,30
"1056",0,22,5,12,"11",4,2698,5,30
"1057",2,23,1,12,"11",4,2698,5,30
"1058",3,23,3,12,"11",4,2698,5,30
"1059",3,23,5,12,"11",4,2698,5,30
"1060",2,24,1,12,"11",4,2698,5,30
"1061",3,24,3,12,"11",4,2698,5,30
"1062",2,24,5,12,"11",4,2698,5,30
"1063",2,25,1,12,"11",4,2698,5,30
"1064",3,25,3,12,"11",4,2698,5,30
"1065",2,25,5,12,"11",4,2698,5,30
"1066",2,26,1,12,"11",4,2698,5,30
"1067",2,26,3,12,"11",4,2698,5,30
"1068",2,26,5,12,"11",4,2698,5,30
"1069",2,27,1,12,"11",4,2698,5,30
"1070",3,27,3,12,"11",4,2698,5,30
"1071",2,27,5,12,"11",4,2698,5,30
"1072",2,28,1,12,"11",4,2698,5,30
"1073",2,28,3,12,"11",4,2698,5,30
"1074",2,28,5,12,"11",4,2698,5,30
"1075",2,29,1,12,"11",4,2698,5,30
"1076",2,29,3,12,"11",4,2698,5,30
"1077",1,29,5,12,"11",4,2698,5,30
"1078",2,30,1,12,"11",4,2698,5,30
"1079",2,30,3,12,"11",4,2698,5,30
"1080",2,30,5,12,"11",4,2698,5,30
"1081",2,1,1,13,"12",4,2698,5,30
"1082",2,1,3,13,"12",4,2698,5,30
"1083",2,1,5,13,"12",4,2698,5,30
"1084",2,2,1,13,"12",4,2698,5,30
"1085",1,2,3,13,"12",4,2698,5,30
"1086",2,2,5,13,"12",4,2698,5,30
"1087",3,3,1,13,"12",4,2698,5,30
"1088",3,3,3,13,"12",4,2698,5,30
"1089",3,3,5,13,"12",4,2698,5,30
"1090",2,4,1,13,"12",4,2698,5,30
"1091",2,4,3,13,"12",4,2698,5,30
"1092",2,4,5,13,"12",4,2698,5,30
"1093",3,5,1,13,"12",4,2698,5,30
"1094",3,5,3,13,"12",4,2698,5,30
"1095",3,5,5,13,"12",4,2698,5,30
"1096",2,6,1,13,"12",4,2698,5,30
"1097",2,6,3,13,"12",4,2698,5,30
"1098",2,6,5,13,"12",4,2698,5,30
"1099",2,7,1,13,"12",4,2698,5,30
"1100",2,7,3,13,"12",4,2698,5,30
"1101",2,7,5,13,"12",4,2698,5,30
"1102",1,8,1,13,"12",4,2698,5,30
"1103",1,8,3,13,"12",4,2698,5,30
"1104",1,8,5,13,"12",4,2698,5,30
"1105",3,9,1,13,"12",4,2698,5,30
"1106",3,9,3,13,"12",4,2698,5,30
"1107",3,9,5,13,"12",4,2698,5,30
"1108",1,10,1,13,"12",4,2698,5,30
"1109",1,10,3,13,"12",4,2698,5,30
"1110",2,10,5,13,"12",4,2698,5,30
"1111",0,11,1,13,"12",4,2698,5,30
"1112",1,11,3,13,"12",4,2698,5,30
"1113",0,11,5,13,"12",4,2698,5,30
"1114",2,12,1,13,"12",4,2698,5,30
"1115",2,12,3,13,"12",4,2698,5,30
"1116",2,12,5,13,"12",4,2698,5,30
"1117",2,13,1,13,"12",4,2698,5,30
"1118",2,13,3,13,"12",4,2698,5,30
"1119",2,13,5,13,"12",4,2698,5,30
"1120",2,14,1,13,"12",4,2698,5,30
"1121",2,14,3,13,"12",4,2698,5,30
"1122",2,14,5,13,"12",4,2698,5,30
"1123",3,15,1,13,"12",4,2698,5,30
"1124",3,15,3,13,"12",4,2698,5,30
"1125",3,15,5,13,"12",4,2698,5,30
"1126",3,16,1,13,"12",4,2698,5,30
"1127",2,16,3,13,"12",4,2698,5,30
"1128",3,16,5,13,"12",4,2698,5,30
"1129",0,17,1,13,"12",4,2698,5,30
"1130",2,17,3,13,"12",4,2698,5,30
"1131",0,17,5,13,"12",4,2698,5,30
"1132",2,18,1,13,"12",4,2698,5,30
"1133",2,18,3,13,"12",4,2698,5,30
"1134",2,18,5,13,"12",4,2698,5,30
"1135",2,19,1,13,"12",4,2698,5,30
"1136",2,19,3,13,"12",4,2698,5,30
"1137",2,19,5,13,"12",4,2698,5,30
"1138",2,20,1,13,"12",4,2698,5,30
"1139",2,20,3,13,"12",4,2698,5,30
"1140",2,20,5,13,"12",4,2698,5,30
"1141",2,21,1,13,"12",4,2698,5,30
"1142",2,21,3,13,"12",4,2698,5,30
"1143",2,21,5,13,"12",4,2698,5,30
"1144",2,22,1,13,"12",4,2698,5,30
"1145",2,22,3,13,"12",4,2698,5,30
"1146",2,22,5,13,"12",4,2698,5,30
"1147",2,23,1,13,"12",4,2698,5,30
"1148",2,23,3,13,"12",4,2698,5,30
"1149",2,23,5,13,"12",4,2698,5,30
"1150",2,24,1,13,"12",4,2698,5,30
"1151",3,24,3,13,"12",4,2698,5,30
"1152",2,24,5,13,"12",4,2698,5,30
"1153",2,25,1,13,"12",4,2698,5,30
"1154",3,25,3,13,"12",4,2698,5,30
"1155",2,25,5,13,"12",4,2698,5,30
"1156",2,26,1,13,"12",4,2698,5,30
"1157",2,26,3,13,"12",4,2698,5,30
"1158",2,26,5,13,"12",4,2698,5,30
"1159",2,27,1,13,"12",4,2698,5,30
"1160",2,27,3,13,"12",4,2698,5,30
"1161",2,27,5,13,"12",4,2698,5,30
"1162",2,28,1,13,"12",4,2698,5,30
"1163",2,28,3,13,"12",4,2698,5,30
"1164",2,28,5,13,"12",4,2698,5,30
"1165",2,29,1,13,"12",4,2698,5,30
"1166",2,29,3,13,"12",4,2698,5,30
"1167",2,29,5,13,"12",4,2698,5,30
"1168",2,30,1,13,"12",4,2698,5,30
"1169",2,30,3,13,"12",4,2698,5,30
"1170",2,30,5,13,"12",4,2698,5,30
"1171",2,1,1,14,"13",4,2698,5,30
"1172",2,1,3,14,"13",4,2698,5,30
"1173",2,1,5,14,"13",4,2698,5,30
"1174",2,2,1,14,"13",4,2698,5,30
"1175",1,2,3,14,"13",4,2698,5,30
"1176",2,2,5,14,"13",4,2698,5,30
"1177",3,3,1,14,"13",4,2698,5,30
"1178",3,3,3,14,"13",4,2698,5,30
"1179",3,3,5,14,"13",4,2698,5,30
"1180",2,4,1,14,"13",4,2698,5,30
"1181",2,4,3,14,"13",4,2698,5,30
"1182",2,4,5,14,"13",4,2698,5,30
"1183",3,5,1,14,"13",4,2698,5,30
"1184",3,5,3,14,"13",4,2698,5,30
"1185",3,5,5,14,"13",4,2698,5,30
"1186",2,6,1,14,"13",4,2698,5,30
"1187",3,6,3,14,"13",4,2698,5,30
"1188",3,6,5,14,"13",4,2698,5,30
"1189",2,7,1,14,"13",4,2698,5,30
"1190",2,7,3,14,"13",4,2698,5,30
"1191",2,7,5,14,"13",4,2698,5,30
"1192",1,8,1,14,"13",4,2698,5,30
"1193",1,8,3,14,"13",4,2698,5,30
"1194",1,8,5,14,"13",4,2698,5,30
"1195",3,9,1,14,"13",4,2698,5,30
"1196",3,9,3,14,"13",4,2698,5,30
"1197",3,9,5,14,"13",4,2698,5,30
"1198",2,10,1,14,"13",4,2698,5,30
"1199",1,10,3,14,"13",4,2698,5,30
"1200",2,10,5,14,"13",4,2698,5,30
"1201",2,11,1,14,"13",4,2698,5,30
"1202",2,11,3,14,"13",4,2698,5,30
"1203",2,11,5,14,"13",4,2698,5,30
"1204",2,12,1,14,"13",4,2698,5,30
"1205",2,12,3,14,"13",4,2698,5,30
"1206",2,12,5,14,"13",4,2698,5,30
"1207",2,13,1,14,"13",4,2698,5,30
"1208",2,13,3,14,"13",4,2698,5,30
"1209",2,13,5,14,"13",4,2698,5,30
"1210",3,14,1,14,"13",4,2698,5,30
"1211",1,14,3,14,"13",4,2698,5,30
"1212",1,14,5,14,"13",4,2698,5,30
"1213",3,15,1,14,"13",4,2698,5,30
"1214",3,15,3,14,"13",4,2698,5,30
"1215",2,15,5,14,"13",4,2698,5,30
"1216",3,16,1,14,"13",4,2698,5,30
"1217",2,16,3,14,"13",4,2698,5,30
"1218",3,16,5,14,"13",4,2698,5,30
"1219",0,17,1,14,"13",4,2698,5,30
"1220",2,17,3,14,"13",4,2698,5,30
"1221",0,17,5,14,"13",4,2698,5,30
"1222",2,18,1,14,"13",4,2698,5,30
"1223",1,18,3,14,"13",4,2698,5,30
"1224",2,18,5,14,"13",4,2698,5,30
"1225",2,19,1,14,"13",4,2698,5,30
"1226",2,19,3,14,"13",4,2698,5,30
"1227",2,19,5,14,"13",4,2698,5,30
"1228",2,20,1,14,"13",4,2698,5,30
"1229",2,20,3,14,"13",4,2698,5,30
"1230",2,20,5,14,"13",4,2698,5,30
"1231",2,21,1,14,"13",4,2698,5,30
"1232",2,21,3,14,"13",4,2698,5,30
"1233",2,21,5,14,"13",4,2698,5,30
"1234",2,22,1,14,"13",4,2698,5,30
"1235",3,22,3,14,"13",4,2698,5,30
"1236",2,22,5,14,"13",4,2698,5,30
"1237",2,23,1,14,"13",4,2698,5,30
"1238",3,23,3,14,"13",4,2698,5,30
"1239",2,23,5,14,"13",4,2698,5,30
"1240",2,24,1,14,"13",4,2698,5,30
"1241",3,24,3,14,"13",4,2698,5,30
"1242",2,24,5,14,"13",4,2698,5,30
"1243",2,25,1,14,"13",4,2698,5,30
"1244",3,25,3,14,"13",4,2698,5,30
"1245",2,25,5,14,"13",4,2698,5,30
"1246",2,26,1,14,"13",4,2698,5,30
"1247",2,26,3,14,"13",4,2698,5,30
"1248",2,26,5,14,"13",4,2698,5,30
"1249",2,27,1,14,"13",4,2698,5,30
"1250",2,27,3,14,"13",4,2698,5,30
"1251",2,27,5,14,"13",4,2698,5,30
"1252",2,28,1,14,"13",4,2698,5,30
"1253",2,28,3,14,"13",4,2698,5,30
"1254",2,28,5,14,"13",4,2698,5,30
"1255",2,29,1,14,"13",4,2698,5,30
"1256",2,29,3,14,"13",4,2698,5,30
"1257",2,29,5,14,"13",4,2698,5,30
"1258",2,30,1,14,"13",4,2698,5,30
"1259",2,30,3,14,"13",4,2698,5,30
"1260",2,30,5,14,"13",4,2698,5,30
"1261",2,1,1,15,"14",4,2698,5,30
"1262",2,1,3,15,"14",4,2698,5,30
"1263",2,1,5,15,"14",4,2698,5,30
"1264",2,2,1,15,"14",4,2698,5,30
"1265",1,2,3,15,"14",4,2698,5,30
"1266",2,2,5,15,"14",4,2698,5,30
"1267",3,3,1,15,"14",4,2698,5,30
"1268",3,3,3,15,"14",4,2698,5,30
"1269",3,3,5,15,"14",4,2698,5,30
"1270",2,4,1,15,"14",4,2698,5,30
"1271",2,4,3,15,"14",4,2698,5,30
"1272",2,4,5,15,"14",4,2698,5,30
"1273",3,5,1,15,"14",4,2698,5,30
"1274",3,5,3,15,"14",4,2698,5,30
"1275",3,5,5,15,"14",4,2698,5,30
"1276",2,6,1,15,"14",4,2698,5,30
"1277",3,6,3,15,"14",4,2698,5,30
"1278",3,6,5,15,"14",4,2698,5,30
"1279",2,7,1,15,"14",4,2698,5,30
"1280",2,7,3,15,"14",4,2698,5,30
"1281",2,7,5,15,"14",4,2698,5,30
"1282",1,8,1,15,"14",4,2698,5,30
"1283",1,8,3,15,"14",4,2698,5,30
"1284",1,8,5,15,"14",4,2698,5,30
"1285",3,9,1,15,"14",4,2698,5,30
"1286",3,9,3,15,"14",4,2698,5,30
"1287",3,9,5,15,"14",4,2698,5,30
"1288",2,10,1,15,"14",4,2698,5,30
"1289",1,10,3,15,"14",4,2698,5,30
"1290",2,10,5,15,"14",4,2698,5,30
"1291",2,11,1,15,"14",4,2698,5,30
"1292",1,11,3,15,"14",4,2698,5,30
"1293",2,11,5,15,"14",4,2698,5,30
"1294",2,12,1,15,"14",4,2698,5,30
"1295",2,12,3,15,"14",4,2698,5,30
"1296",2,12,5,15,"14",4,2698,5,30
"1297",2,13,1,15,"14",4,2698,5,30
"1298",2,13,3,15,"14",4,2698,5,30
"1299",2,13,5,15,"14",4,2698,5,30
"1300",2,14,1,15,"14",4,2698,5,30
"1301",2,14,3,15,"14",4,2698,5,30
"1302",2,14,5,15,"14",4,2698,5,30
"1303",3,15,1,15,"14",4,2698,5,30
"1304",3,15,3,15,"14",4,2698,5,30
"1305",3,15,5,15,"14",4,2698,5,30
"1306",2,16,1,15,"14",4,2698,5,30
"1307",2,16,3,15,"14",4,2698,5,30
"1308",3,16,5,15,"14",4,2698,5,30
"1309",0,17,1,15,"14",4,2698,5,30
"1310",2,17,3,15,"14",4,2698,5,30
"1311",0,17,5,15,"14",4,2698,5,30
"1312",2,18,1,15,"14",4,2698,5,30
"1313",2,18,3,15,"14",4,2698,5,30
"1314",2,18,5,15,"14",4,2698,5,30
"1315",0,19,1,15,"14",4,2698,5,30
"1316",0,19,3,15,"14",4,2698,5,30
"1317",0,19,5,15,"14",4,2698,5,30
"1318",0,20,1,15,"14",4,2698,5,30
"1319",0,20,3,15,"14",4,2698,5,30
"1320",0,20,5,15,"14",4,2698,5,30
"1321",2,21,1,15,"14",4,2698,5,30
"1322",2,21,3,15,"14",4,2698,5,30
"1323",2,21,5,15,"14",4,2698,5,30
"1324",2,22,1,15,"14",4,2698,5,30
"1325",3,22,3,15,"14",4,2698,5,30
"1326",2,22,5,15,"14",4,2698,5,30
"1327",2,23,1,15,"14",4,2698,5,30
"1328",3,23,3,15,"14",4,2698,5,30
"1329",3,23,5,15,"14",4,2698,5,30
"1330",2,24,1,15,"14",4,2698,5,30
"1331",3,24,3,15,"14",4,2698,5,30
"1332",2,24,5,15,"14",4,2698,5,30
"1333",2,25,1,15,"14",4,2698,5,30
"1334",3,25,3,15,"14",4,2698,5,30
"1335",3,25,5,15,"14",4,2698,5,30
"1336",2,26,1,15,"14",4,2698,5,30
"1337",2,26,3,15,"14",4,2698,5,30
"1338",2,26,5,15,"14",4,2698,5,30
"1339",2,27,1,15,"14",4,2698,5,30
"1340",2,27,3,15,"14",4,2698,5,30
"1341",2,27,5,15,"14",4,2698,5,30
"1342",3,28,1,15,"14",4,2698,5,30
"1343",2,28,3,15,"14",4,2698,5,30
"1344",2,28,5,15,"14",4,2698,5,30
"1345",2,29,1,15,"14",4,2698,5,30
"1346",2,29,3,15,"14",4,2698,5,30
"1347",1,29,5,15,"14",4,2698,5,30
"1348",2,30,1,15,"14",4,2698,5,30
"1349",2,30,3,15,"14",4,2698,5,30
"1350",2,30,5,15,"14",4,2698,5,30
"1351",2,1,1,16,"15",4,2698,5,30
"1352",2,1,3,16,"15",4,2698,5,30
"1353",2,1,5,16,"15",4,2698,5,30
"1354",2,2,1,16,"15",4,2698,5,30
"1355",1,2,3,16,"15",4,2698,5,30
"1356",2,2,5,16,"15",4,2698,5,30
"1357",3,3,1,16,"15",4,2698,5,30
"1358",3,3,3,16,"15",4,2698,5,30
"1359",3,3,5,16,"15",4,2698,5,30
"1360",2,4,1,16,"15",4,2698,5,30
"1361",2,4,3,16,"15",4,2698,5,30
"1362",2,4,5,16,"15",4,2698,5,30
"1363",3,5,1,16,"15",4,2698,5,30
"1364",3,5,3,16,"15",4,2698,5,30
"1365",3,5,5,16,"15",4,2698,5,30
"1366",2,6,1,16,"15",4,2698,5,30
"1367",3,6,3,16,"15",4,2698,5,30
"1368",3,6,5,16,"15",4,2698,5,30
"1369",2,7,1,16,"15",4,2698,5,30
"1370",3,7,3,16,"15",4,2698,5,30
"1371",2,7,5,16,"15",4,2698,5,30
"1372",0,8,1,16,"15",4,2698,5,30
"1373",1,8,3,16,"15",4,2698,5,30
"1374",1,8,5,16,"15",4,2698,5,30
"1375",3,9,1,16,"15",4,2698,5,30
"1376",3,9,3,16,"15",4,2698,5,30
"1377",3,9,5,16,"15",4,2698,5,30
"1378",1,10,1,16,"15",4,2698,5,30
"1379",1,10,3,16,"15",4,2698,5,30
"1380",1,10,5,16,"15",4,2698,5,30
"1381",0,11,1,16,"15",4,2698,5,30
"1382",2,11,3,16,"15",4,2698,5,30
"1383",0,11,5,16,"15",4,2698,5,30
"1384",0,12,1,16,"15",4,2698,5,30
"1385",2,12,3,16,"15",4,2698,5,30
"1386",2,12,5,16,"15",4,2698,5,30
"1387",2,13,1,16,"15",4,2698,5,30
"1388",2,13,3,16,"15",4,2698,5,30
"1389",2,13,5,16,"15",4,2698,5,30
"1390",2,14,1,16,"15",4,2698,5,30
"1391",2,14,3,16,"15",4,2698,5,30
"1392",2,14,5,16,"15",4,2698,5,30
"1393",3,15,1,16,"15",4,2698,5,30
"1394",3,15,3,16,"15",4,2698,5,30
"1395",3,15,5,16,"15",4,2698,5,30
"1396",3,16,1,16,"15",4,2698,5,30
"1397",2,16,3,16,"15",4,2698,5,30
"1398",3,16,5,16,"15",4,2698,5,30
"1399",0,17,1,16,"15",4,2698,5,30
"1400",2,17,3,16,"15",4,2698,5,30
"1401",0,17,5,16,"15",4,2698,5,30
"1402",2,18,1,16,"15",4,2698,5,30
"1403",2,18,3,16,"15",4,2698,5,30
"1404",2,18,5,16,"15",4,2698,5,30
"1405",1,19,1,16,"15",4,2698,5,30
"1406",2,19,3,16,"15",4,2698,5,30
"1407",1,19,5,16,"15",4,2698,5,30
"1408",2,20,1,16,"15",4,2698,5,30
"1409",2,20,3,16,"15",4,2698,5,30
"1410",2,20,5,16,"15",4,2698,5,30
"1411",2,21,1,16,"15",4,2698,5,30
"1412",2,21,3,16,"15",4,2698,5,30
"1413",2,21,5,16,"15",4,2698,5,30
"1414",3,22,1,16,"15",4,2698,5,30
"1415",2,22,3,16,"15",4,2698,5,30
"1416",3,22,5,16,"15",4,2698,5,30
"1417",2,23,1,16,"15",4,2698,5,30
"1418",3,23,3,16,"15",4,2698,5,30
"1419",2,23,5,16,"15",4,2698,5,30
"1420",2,24,1,16,"15",4,2698,5,30
"1421",3,24,3,16,"15",4,2698,5,30
"1422",2,24,5,16,"15",4,2698,5,30
"1423",2,25,1,16,"15",4,2698,5,30
"1424",3,25,3,16,"15",4,2698,5,30
"1425",2,25,5,16,"15",4,2698,5,30
"1426",2,26,1,16,"15",4,2698,5,30
"1427",2,26,3,16,"15",4,2698,5,30
"1428",2,26,5,16,"15",4,2698,5,30
"1429",2,27,1,16,"15",4,2698,5,30
"1430",2,27,3,16,"15",4,2698,5,30
"1431",2,27,5,16,"15",4,2698,5,30
"1432",2,28,1,16,"15",4,2698,5,30
"1433",2,28,3,16,"15",4,2698,5,30
"1434",2,28,5,16,"15",4,2698,5,30
"1435",2,29,1,16,"15",4,2698,5,30
"1436",2,29,3,16,"15",4,2698,5,30
"1437",2,29,5,16,"15",4,2698,5,30
"1438",2,30,1,16,"15",4,2698,5,30
"1439",2,30,3,16,"15",4,2698,5,30
"1440",2,30,5,16,"15",4,2698,5,30
"1441",2,1,1,17,"16",4,2698,5,30
"1442",2,1,3,17,"16",4,2698,5,30
"1443",2,1,5,17,"16",4,2698,5,30
"1444",2,2,1,17,"16",4,2698,5,30
"1445",2,2,3,17,"16",4,2698,5,30
"1446",2,2,5,17,"16",4,2698,5,30
"1447",3,3,1,17,"16",4,2698,5,30
"1448",3,3,3,17,"16",4,2698,5,30
"1449",3,3,5,17,"16",4,2698,5,30
"1450",2,4,1,17,"16",4,2698,5,30
"1451",2,4,3,17,"16",4,2698,5,30
"1452",2,4,5,17,"16",4,2698,5,30
"1453",3,5,1,17,"16",4,2698,5,30
"1454",3,5,3,17,"16",4,2698,5,30
"1455",3,5,5,17,"16",4,2698,5,30
"1456",2,6,1,17,"16",4,2698,5,30
"1457",3,6,3,17,"16",4,2698,5,30
"1458",3,6,5,17,"16",4,2698,5,30
"1459",2,7,1,17,"16",4,2698,5,30
"1460",2,7,3,17,"16",4,2698,5,30
"1461",2,7,5,17,"16",4,2698,5,30
"1462",1,8,1,17,"16",4,2698,5,30
"1463",1,8,3,17,"16",4,2698,5,30
"1464",1,8,5,17,"16",4,2698,5,30
"1465",3,9,1,17,"16",4,2698,5,30
"1466",3,9,3,17,"16",4,2698,5,30
"1467",3,9,5,17,"16",4,2698,5,30
"1468",0,10,1,17,"16",4,2698,5,30
"1469",0,10,3,17,"16",4,2698,5,30
"1470",0,10,5,17,"16",4,2698,5,30
"1471",0,11,1,17,"16",4,2698,5,30
"1472",0,11,3,17,"16",4,2698,5,30
"1473",0,11,5,17,"16",4,2698,5,30
"1474",2,12,1,17,"16",4,2698,5,30
"1475",2,12,3,17,"16",4,2698,5,30
"1476",2,12,5,17,"16",4,2698,5,30
"1477",2,13,1,17,"16",4,2698,5,30
"1478",0,13,3,17,"16",4,2698,5,30
"1479",2,13,5,17,"16",4,2698,5,30
"1480",2,14,1,17,"16",4,2698,5,30
"1481",0,14,3,17,"16",4,2698,5,30
"1482",2,14,5,17,"16",4,2698,5,30
"1483",3,15,1,17,"16",4,2698,5,30
"1484",3,15,3,17,"16",4,2698,5,30
"1485",3,15,5,17,"16",4,2698,5,30
"1486",2,16,1,17,"16",4,2698,5,30
"1487",2,16,3,17,"16",4,2698,5,30
"1488",2,16,5,17,"16",4,2698,5,30
"1489",0,17,1,17,"16",4,2698,5,30
"1490",2,17,3,17,"16",4,2698,5,30
"1491",0,17,5,17,"16",4,2698,5,30
"1492",1,18,1,17,"16",4,2698,5,30
"1493",1,18,3,17,"16",4,2698,5,30
"1494",1,18,5,17,"16",4,2698,5,30
"1495",2,19,1,17,"16",4,2698,5,30
"1496",2,19,3,17,"16",4,2698,5,30
"1497",2,19,5,17,"16",4,2698,5,30
"1498",2,20,1,17,"16",4,2698,5,30
"1499",1,20,3,17,"16",4,2698,5,30
"1500",2,20,5,17,"16",4,2698,5,30
"1501",2,21,1,17,"16",4,2698,5,30
"1502",2,21,3,17,"16",4,2698,5,30
"1503",2,21,5,17,"16",4,2698,5,30
"1504",2,22,1,17,"16",4,2698,5,30
"1505",2,22,3,17,"16",4,2698,5,30
"1506",2,22,5,17,"16",4,2698,5,30
"1507",2,23,1,17,"16",4,2698,5,30
"1508",1,23,3,17,"16",4,2698,5,30
"1509",1,23,5,17,"16",4,2698,5,30
"1510",2,24,1,17,"16",4,2698,5,30
"1511",1,24,3,17,"16",4,2698,5,30
"1512",2,24,5,17,"16",4,2698,5,30
"1513",1,25,1,17,"16",4,2698,5,30
"1514",1,25,3,17,"16",4,2698,5,30
"1515",1,25,5,17,"16",4,2698,5,30
"1516",2,26,1,17,"16",4,2698,5,30
"1517",2,26,3,17,"16",4,2698,5,30
"1518",2,26,5,17,"16",4,2698,5,30
"1519",2,27,1,17,"16",4,2698,5,30
"1520",2,27,3,17,"16",4,2698,5,30
"1521",1,27,5,17,"16",4,2698,5,30
"1522",2,28,1,17,"16",4,2698,5,30
"1523",2,28,3,17,"16",4,2698,5,30
"1524",1,28,5,17,"16",4,2698,5,30
"1525",2,29,1,17,"16",4,2698,5,30
"1526",2,29,3,17,"16",4,2698,5,30
"1527",2,29,5,17,"16",4,2698,5,30
"1528",2,30,1,17,"16",4,2698,5,30
"1529",2,30,3,17,"16",4,2698,5,30
"1530",2,30,5,17,"16",4,2698,5,30
"1531",2,1,1,18,"17",4,2698,5,30
"1532",2,1,3,18,"17",4,2698,5,30
"1533",2,1,5,18,"17",4,2698,5,30
"1534",2,2,1,18,"17",4,2698,5,30
"1535",2,2,3,18,"17",4,2698,5,30
"1536",2,2,5,18,"17",4,2698,5,30
"1537",3,3,1,18,"17",4,2698,5,30
"1538",3,3,3,18,"17",4,2698,5,30
"1539",3,3,5,18,"17",4,2698,5,30
"1540",2,4,1,18,"17",4,2698,5,30
"1541",2,4,3,18,"17",4,2698,5,30
"1542",2,4,5,18,"17",4,2698,5,30
"1543",3,5,1,18,"17",4,2698,5,30
"1544",3,5,3,18,"17",4,2698,5,30
"1545",3,5,5,18,"17",4,2698,5,30
"1546",2,6,1,18,"17",4,2698,5,30
"1547",2,6,3,18,"17",4,2698,5,30
"1548",2,6,5,18,"17",4,2698,5,30
"1549",2,7,1,18,"17",4,2698,5,30
"1550",2,7,3,18,"17",4,2698,5,30
"1551",2,7,5,18,"17",4,2698,5,30
"1552",0,8,1,18,"17",4,2698,5,30
"1553",0,8,3,18,"17",4,2698,5,30
"1554",0,8,5,18,"17",4,2698,5,30
"1555",3,9,1,18,"17",4,2698,5,30
"1556",3,9,3,18,"17",4,2698,5,30
"1557",3,9,5,18,"17",4,2698,5,30
"1558",2,10,1,18,"17",4,2698,5,30
"1559",1,10,3,18,"17",4,2698,5,30
"1560",1,10,5,18,"17",4,2698,5,30
"1561",0,11,1,18,"17",4,2698,5,30
"1562",2,11,3,18,"17",4,2698,5,30
"1563",0,11,5,18,"17",4,2698,5,30
"1564",2,12,1,18,"17",4,2698,5,30
"1565",2,12,3,18,"17",4,2698,5,30
"1566",2,12,5,18,"17",4,2698,5,30
"1567",2,13,1,18,"17",4,2698,5,30
"1568",2,13,3,18,"17",4,2698,5,30
"1569",2,13,5,18,"17",4,2698,5,30
"1570",2,14,1,18,"17",4,2698,5,30
"1571",2,14,3,18,"17",4,2698,5,30
"1572",2,14,5,18,"17",4,2698,5,30
"1573",3,15,1,18,"17",4,2698,5,30
"1574",3,15,3,18,"17",4,2698,5,30
"1575",3,15,5,18,"17",4,2698,5,30
"1576",2,16,1,18,"17",4,2698,5,30
"1577",2,16,3,18,"17",4,2698,5,30
"1578",2,16,5,18,"17",4,2698,5,30
"1579",0,17,1,18,"17",4,2698,5,30
"1580",2,17,3,18,"17",4,2698,5,30
"1581",0,17,5,18,"17",4,2698,5,30
"1582",0,18,1,18,"17",4,2698,5,30
"1583",0,18,3,18,"17",4,2698,5,30
"1584",0,18,5,18,"17",4,2698,5,30
"1585",2,19,1,18,"17",4,2698,5,30
"1586",2,19,3,18,"17",4,2698,5,30
"1587",1,19,5,18,"17",4,2698,5,30
"1588",2,20,1,18,"17",4,2698,5,30
"1589",2,20,3,18,"17",4,2698,5,30
"1590",2,20,5,18,"17",4,2698,5,30
"1591",2,21,1,18,"17",4,2698,5,30
"1592",2,21,3,18,"17",4,2698,5,30
"1593",1,21,5,18,"17",4,2698,5,30
"1594",2,22,1,18,"17",4,2698,5,30
"1595",2,22,3,18,"17",4,2698,5,30
"1596",2,22,5,18,"17",4,2698,5,30
"1597",1,23,1,18,"17",4,2698,5,30
"1598",3,23,3,18,"17",4,2698,5,30
"1599",1,23,5,18,"17",4,2698,5,30
"1600",2,24,1,18,"17",4,2698,5,30
"1601",3,24,3,18,"17",4,2698,5,30
"1602",2,24,5,18,"17",4,2698,5,30
"1603",2,25,1,18,"17",4,2698,5,30
"1604",3,25,3,18,"17",4,2698,5,30
"1605",3,25,5,18,"17",4,2698,5,30
"1606",2,26,1,18,"17",4,2698,5,30
"1607",2,26,3,18,"17",4,2698,5,30
"1608",2,26,5,18,"17",4,2698,5,30
"1609",2,27,1,18,"17",4,2698,5,30
"1610",1,27,3,18,"17",4,2698,5,30
"1611",2,27,5,18,"17",4,2698,5,30
"1612",2,28,1,18,"17",4,2698,5,30
"1613",2,28,3,18,"17",4,2698,5,30
"1614",1,28,5,18,"17",4,2698,5,30
"1615",2,29,1,18,"17",4,2698,5,30
"1616",2,29,3,18,"17",4,2698,5,30
"1617",2,29,5,18,"17",4,2698,5,30
"1618",2,30,1,18,"17",4,2698,5,30
"1619",2,30,3,18,"17",4,2698,5,30
"1620",2,30,5,18,"17",4,2698,5,30
"1621",2,1,1,19,"18",4,2698,5,30
"1622",1,1,3,19,"18",4,2698,5,30
"1623",1,1,5,19,"18",4,2698,5,30
"1624",2,2,1,19,"18",4,2698,5,30
"1625",1,2,3,19,"18",4,2698,5,30
"1626",2,2,5,19,"18",4,2698,5,30
"1627",2,3,1,19,"18",4,2698,5,30
"1628",3,3,3,19,"18",4,2698,5,30
"1629",3,3,5,19,"18",4,2698,5,30
"1630",2,4,1,19,"18",4,2698,5,30
"1631",2,4,3,19,"18",4,2698,5,30
"1632",2,4,5,19,"18",4,2698,5,30
"1633",3,5,1,19,"18",4,2698,5,30
"1634",3,5,3,19,"18",4,2698,5,30
"1635",3,5,5,19,"18",4,2698,5,30
"1636",2,6,1,19,"18",4,2698,5,30
"1637",2,6,3,19,"18",4,2698,5,30
"1638",2,6,5,19,"18",4,2698,5,30
"1639",2,7,1,19,"18",4,2698,5,30
"1640",2,7,3,19,"18",4,2698,5,30
"1641",2,7,5,19,"18",4,2698,5,30
"1642",0,8,1,19,"18",4,2698,5,30
"1643",0,8,3,19,"18",4,2698,5,30
"1644",0,8,5,19,"18",4,2698,5,30
"1645",0,9,1,19,"18",4,2698,5,30
"1646",0,9,3,19,"18",4,2698,5,30
"1647",0,9,5,19,"18",4,2698,5,30
"1648",1,10,1,19,"18",4,2698,5,30
"1649",1,10,3,19,"18",4,2698,5,30
"1650",1,10,5,19,"18",4,2698,5,30
"1651",0,11,1,19,"18",4,2698,5,30
"1652",2,11,3,19,"18",4,2698,5,30
"1653",2,11,5,19,"18",4,2698,5,30
"1654",2,12,1,19,"18",4,2698,5,30
"1655",2,12,3,19,"18",4,2698,5,30
"1656",2,12,5,19,"18",4,2698,5,30
"1657",2,13,1,19,"18",4,2698,5,30
"1658",2,13,3,19,"18",4,2698,5,30
"1659",2,13,5,19,"18",4,2698,5,30
"1660",0,14,1,19,"18",4,2698,5,30
"1661",0,14,3,19,"18",4,2698,5,30
"1662",0,14,5,19,"18",4,2698,5,30
"1663",3,15,1,19,"18",4,2698,5,30
"1664",3,15,3,19,"18",4,2698,5,30
"1665",2,15,5,19,"18",4,2698,5,30
"1666",3,16,1,19,"18",4,2698,5,30
"1667",2,16,3,19,"18",4,2698,5,30
"1668",3,16,5,19,"18",4,2698,5,30
"1669",0,17,1,19,"18",4,2698,5,30
"1670",2,17,3,19,"18",4,2698,5,30
"1671",0,17,5,19,"18",4,2698,5,30
"1672",0,18,1,19,"18",4,2698,5,30
"1673",0,18,3,19,"18",4,2698,5,30
"1674",0,18,5,19,"18",4,2698,5,30
"1675",2,19,1,19,"18",4,2698,5,30
"1676",2,19,3,19,"18",4,2698,5,30
"1677",2,19,5,19,"18",4,2698,5,30
"1678",0,20,1,19,"18",4,2698,5,30
"1679",0,20,3,19,"18",4,2698,5,30
"1680",0,20,5,19,"18",4,2698,5,30
"1681",2,21,1,19,"18",4,2698,5,30
"1682",2,21,3,19,"18",4,2698,5,30
"1683",2,21,5,19,"18",4,2698,5,30
"1684",2,22,1,19,"18",4,2698,5,30
"1685",1,22,3,19,"18",4,2698,5,30
"1686",2,22,5,19,"18",4,2698,5,30
"1687",2,23,1,19,"18",4,2698,5,30
"1688",1,23,3,19,"18",4,2698,5,30
"1689",1,23,5,19,"18",4,2698,5,30
"1690",2,24,1,19,"18",4,2698,5,30
"1691",1,24,3,19,"18",4,2698,5,30
"1692",2,24,5,19,"18",4,2698,5,30
"1693",1,25,1,19,"18",4,2698,5,30
"1694",1,25,3,19,"18",4,2698,5,30
"1695",1,25,5,19,"18",4,2698,5,30
"1696",2,26,1,19,"18",4,2698,5,30
"1697",2,26,3,19,"18",4,2698,5,30
"1698",2,26,5,19,"18",4,2698,5,30
"1699",2,27,1,19,"18",4,2698,5,30
"1700",2,27,3,19,"18",4,2698,5,30
"1701",2,27,5,19,"18",4,2698,5,30
"1702",2,28,1,19,"18",4,2698,5,30
"1703",1,28,3,19,"18",4,2698,5,30
"1704",1,28,5,19,"18",4,2698,5,30
"1705",2,29,1,19,"18",4,2698,5,30
"1706",0,29,3,19,"18",4,2698,5,30
"1707",2,29,5,19,"18",4,2698,5,30
"1708",2,30,1,19,"18",4,2698,5,30
"1709",1,30,3,19,"18",4,2698,5,30
"1710",2,30,5,19,"18",4,2698,5,30
"1711",2,1,1,20,"19",4,2698,5,30
"1712",2,1,3,20,"19",4,2698,5,30
"1713",2,1,5,20,"19",4,2698,5,30
"1714",2,2,1,20,"19",4,2698,5,30
"1715",1,2,3,20,"19",4,2698,5,30
"1716",2,2,5,20,"19",4,2698,5,30
"1717",3,3,1,20,"19",4,2698,5,30
"1718",3,3,3,20,"19",4,2698,5,30
"1719",3,3,5,20,"19",4,2698,5,30
"1720",0,4,1,20,"19",4,2698,5,30
"1721",0,4,3,20,"19",4,2698,5,30
"1722",0,4,5,20,"19",4,2698,5,30
"1723",3,5,1,20,"19",4,2698,5,30
"1724",3,5,3,20,"19",4,2698,5,30
"1725",3,5,5,20,"19",4,2698,5,30
"1726",2,6,1,20,"19",4,2698,5,30
"1727",2,6,3,20,"19",4,2698,5,30
"1728",2,6,5,20,"19",4,2698,5,30
"1729",2,7,1,20,"19",4,2698,5,30
"1730",2,7,3,20,"19",4,2698,5,30
"1731",2,7,5,20,"19",4,2698,5,30
"1732",0,8,1,20,"19",4,2698,5,30
"1733",0,8,3,20,"19",4,2698,5,30
"1734",0,8,5,20,"19",4,2698,5,30
"1735",0,9,1,20,"19",4,2698,5,30
"1736",0,9,3,20,"19",4,2698,5,30
"1737",0,9,5,20,"19",4,2698,5,30
"1738",2,10,1,20,"19",4,2698,5,30
"1739",1,10,3,20,"19",4,2698,5,30
"1740",2,10,5,20,"19",4,2698,5,30
"1741",2,11,1,20,"19",4,2698,5,30
"1742",2,11,3,20,"19",4,2698,5,30
"1743",2,11,5,20,"19",4,2698,5,30
"1744",0,12,1,20,"19",4,2698,5,30
"1745",0,12,3,20,"19",4,2698,5,30
"1746",0,12,5,20,"19",4,2698,5,30
"1747",0,13,1,20,"19",4,2698,5,30
"1748",0,13,3,20,"19",4,2698,5,30
"1749",0,13,5,20,"19",4,2698,5,30
"1750",2,14,1,20,"19",4,2698,5,30
"1751",2,14,3,20,"19",4,2698,5,30
"1752",2,14,5,20,"19",4,2698,5,30
"1753",3,15,1,20,"19",4,2698,5,30
"1754",3,15,3,20,"19",4,2698,5,30
"1755",3,15,5,20,"19",4,2698,5,30
"1756",1,16,1,20,"19",4,2698,5,30
"1757",2,16,3,20,"19",4,2698,5,30
"1758",1,16,5,20,"19",4,2698,5,30
"1759",0,17,1,20,"19",4,2698,5,30
"1760",2,17,3,20,"19",4,2698,5,30
"1761",0,17,5,20,"19",4,2698,5,30
"1762",1,18,1,20,"19",4,2698,5,30
"1763",1,18,3,20,"19",4,2698,5,30
"1764",1,18,5,20,"19",4,2698,5,30
"1765",1,19,1,20,"19",4,2698,5,30
"1766",2,19,3,20,"19",4,2698,5,30
"1767",2,19,5,20,"19",4,2698,5,30
"1768",2,20,1,20,"19",4,2698,5,30
"1769",2,20,3,20,"19",4,2698,5,30
"1770",2,20,5,20,"19",4,2698,5,30
"1771",2,21,1,20,"19",4,2698,5,30
"1772",2,21,3,20,"19",4,2698,5,30
"1773",2,21,5,20,"19",4,2698,5,30
"1774",0,22,1,20,"19",4,2698,5,30
"1775",2,22,3,20,"19",4,2698,5,30
"1776",0,22,5,20,"19",4,2698,5,30
"1777",2,23,1,20,"19",4,2698,5,30
"1778",1,23,3,20,"19",4,2698,5,30
"1779",2,23,5,20,"19",4,2698,5,30
"1780",2,24,1,20,"19",4,2698,5,30
"1781",1,24,3,20,"19",4,2698,5,30
"1782",2,24,5,20,"19",4,2698,5,30
"1783",2,25,1,20,"19",4,2698,5,30
"1784",2,25,3,20,"19",4,2698,5,30
"1785",2,25,5,20,"19",4,2698,5,30
"1786",2,26,1,20,"19",4,2698,5,30
"1787",2,26,3,20,"19",4,2698,5,30
"1788",2,26,5,20,"19",4,2698,5,30
"1789",2,27,1,20,"19",4,2698,5,30
"1790",2,27,3,20,"19",4,2698,5,30
"1791",2,27,5,20,"19",4,2698,5,30
"1792",2,28,1,20,"19",4,2698,5,30
"1793",2,28,3,20,"19",4,2698,5,30
"1794",1,28,5,20,"19",4,2698,5,30
"1795",2,29,1,20,"19",4,2698,5,30
"1796",0,29,3,20,"19",4,2698,5,30
"1797",2,29,5,20,"19",4,2698,5,30
"1798",2,30,1,20,"19",4,2698,5,30
"1799",1,30,3,20,"19",4,2698,5,30
"1800",2,30,5,20,"19",4,2698,5,30
"1801",2,1,1,21,"20",4,2698,5,30
"1802",2,1,4,21,"0",4,2698,5,30
"1803",2,1,5,21,"20",4,2698,5,30
"1804",2,2,1,21,"20",4,2698,5,30
"1805",2,2,4,21,"0",4,2698,5,30
"1806",1,2,5,21,"20",4,2698,5,30
"1807",2,3,1,21,"20",4,2698,5,30
"1808",3,3,4,21,"0",4,2698,5,30
"1809",3,3,5,21,"20",4,2698,5,30
"1810",2,4,1,21,"20",4,2698,5,30
"1811",3,4,4,21,"0",4,2698,5,30
"1812",2,4,5,21,"20",4,2698,5,30
"1813",2,5,1,21,"20",4,2698,5,30
"1814",3,5,4,21,"0",4,2698,5,30
"1815",3,5,5,21,"20",4,2698,5,30
"1816",2,6,1,21,"20",4,2698,5,30
"1817",1,6,4,21,"0",4,2698,5,30
"1818",2,6,5,21,"20",4,2698,5,30
"1819",2,7,1,21,"20",4,2698,5,30
"1820",2,7,4,21,"0",4,2698,5,30
"1821",2,7,5,21,"20",4,2698,5,30
"1822",1,8,1,21,"20",4,2698,5,30
"1823",1,8,4,21,"0",4,2698,5,30
"1824",1,8,5,21,"20",4,2698,5,30
"1825",3,9,1,21,"20",4,2698,5,30
"1826",3,9,4,21,"0",4,2698,5,30
"1827",3,9,5,21,"20",4,2698,5,30
"1828",1,10,1,21,"20",4,2698,5,30
"1829",1,10,4,21,"0",4,2698,5,30
"1830",0,10,5,21,"20",4,2698,5,30
"1831",0,11,1,21,"20",4,2698,5,30
"1832",2,11,4,21,"0",4,2698,5,30
"1833",0,11,5,21,"20",4,2698,5,30
"1834",2,12,1,21,"20",4,2698,5,30
"1835",2,12,4,21,"0",4,2698,5,30
"1836",2,12,5,21,"20",4,2698,5,30
"1837",2,13,1,21,"20",4,2698,5,30
"1838",2,13,4,21,"0",4,2698,5,30
"1839",2,13,5,21,"20",4,2698,5,30
"1840",2,14,1,21,"20",4,2698,5,30
"1841",2,14,4,21,"0",4,2698,5,30
"1842",2,14,5,21,"20",4,2698,5,30
"1843",3,15,1,21,"20",4,2698,5,30
"1844",3,15,4,21,"0",4,2698,5,30
"1845",3,15,5,21,"20",4,2698,5,30
"1846",2,16,1,21,"20",4,2698,5,30
"1847",3,16,4,21,"0",4,2698,5,30
"1848",2,16,5,21,"20",4,2698,5,30
"1849",2,17,1,21,"20",4,2698,5,30
"1850",2,17,4,21,"0",4,2698,5,30
"1851",2,17,5,21,"20",4,2698,5,30
"1852",2,18,1,21,"20",4,2698,5,30
"1853",3,18,4,21,"0",4,2698,5,30
"1854",2,18,5,21,"20",4,2698,5,30
"1855",2,19,1,21,"20",4,2698,5,30
"1856",2,19,4,21,"0",4,2698,5,30
"1857",2,19,5,21,"20",4,2698,5,30
"1858",2,20,1,21,"20",4,2698,5,30
"1859",1,20,4,21,"0",4,2698,5,30
"1860",2,20,5,21,"20",4,2698,5,30
"1861",2,21,1,21,"20",4,2698,5,30
"1862",2,21,4,21,"0",4,2698,5,30
"1863",2,21,5,21,"20",4,2698,5,30
"1864",0,22,1,21,"20",4,2698,5,30
"1865",0,22,4,21,"0",4,2698,5,30
"1866",0,22,5,21,"20",4,2698,5,30
"1867",2,23,1,21,"20",4,2698,5,30
"1868",2,23,4,21,"0",4,2698,5,30
"1869",1,23,5,21,"20",4,2698,5,30
"1870",2,24,1,21,"20",4,2698,5,30
"1871",2,24,4,21,"0",4,2698,5,30
"1872",2,24,5,21,"20",4,2698,5,30
"1873",2,25,1,21,"20",4,2698,5,30
"1874",2,25,4,21,"0",4,2698,5,30
"1875",2,25,5,21,"20",4,2698,5,30
"1876",2,26,1,21,"20",4,2698,5,30
"1877",2,26,4,21,"0",4,2698,5,30
"1878",2,26,5,21,"20",4,2698,5,30
"1879",2,27,1,21,"20",4,2698,5,30
"1880",2,27,4,21,"0",4,2698,5,30
"1881",1,27,5,21,"20",4,2698,5,30
"1882",3,28,1,21,"20",4,2698,5,30
"1883",2,28,4,21,"0",4,2698,5,30
"1884",2,28,5,21,"20",4,2698,5,30
"1885",2,29,1,21,"20",4,2698,5,30
"1886",2,29,4,21,"0",4,2698,5,30
"1887",2,29,5,21,"20",4,2698,5,30
"1888",2,30,1,21,"20",4,2698,5,30
"1889",2,30,4,21,"0",4,2698,5,30
"1890",2,30,5,21,"20",4,2698,5,30
"1891",2,1,1,22,"21",4,2698,5,30
"1892",2,1,4,22,"21",4,2698,5,30
"1893",2,1,5,22,"21",4,2698,5,30
"1894",2,2,1,22,"21",4,2698,5,30
"1895",2,2,4,22,"21",4,2698,5,30
"1896",2,2,5,22,"21",4,2698,5,30
"1897",3,3,1,22,"21",4,2698,5,30
"1898",3,3,4,22,"21",4,2698,5,30
"1899",3,3,5,22,"21",4,2698,5,30
"1900",2,4,1,22,"21",4,2698,5,30
"1901",2,4,4,22,"21",4,2698,5,30
"1902",2,4,5,22,"21",4,2698,5,30
"1903",3,5,1,22,"21",4,2698,5,30
"1904",3,5,4,22,"21",4,2698,5,30
"1905",3,5,5,22,"21",4,2698,5,30
"1906",2,6,1,22,"21",4,2698,5,30
"1907",2,6,4,22,"21",4,2698,5,30
"1908",3,6,5,22,"21",4,2698,5,30
"1909",2,7,1,22,"21",4,2698,5,30
"1910",2,7,4,22,"21",4,2698,5,30
"1911",2,7,5,22,"21",4,2698,5,30
"1912",2,8,1,22,"21",4,2698,5,30
"1913",1,8,4,22,"21",4,2698,5,30
"1914",1,8,5,22,"21",4,2698,5,30
"1915",2,9,1,22,"21",4,2698,5,30
"1916",3,9,4,22,"21",4,2698,5,30
"1917",3,9,5,22,"21",4,2698,5,30
"1918",0,10,1,22,"21",4,2698,5,30
"1919",2,10,4,22,"21",4,2698,5,30
"1920",0,10,5,22,"21",4,2698,5,30
"1921",0,11,1,22,"21",4,2698,5,30
"1922",2,11,4,22,"21",4,2698,5,30
"1923",0,11,5,22,"21",4,2698,5,30
"1924",0,12,1,22,"21",4,2698,5,30
"1925",2,12,4,22,"21",4,2698,5,30
"1926",2,12,5,22,"21",4,2698,5,30
"1927",2,13,1,22,"21",4,2698,5,30
"1928",2,13,4,22,"21",4,2698,5,30
"1929",2,13,5,22,"21",4,2698,5,30
"1930",2,14,1,22,"21",4,2698,5,30
"1931",2,14,4,22,"21",4,2698,5,30
"1932",2,14,5,22,"21",4,2698,5,30
"1933",3,15,1,22,"21",4,2698,5,30
"1934",3,15,4,22,"21",4,2698,5,30
"1935",3,15,5,22,"21",4,2698,5,30
"1936",2,16,1,22,"21",4,2698,5,30
"1937",3,16,4,22,"21",4,2698,5,30
"1938",3,16,5,22,"21",4,2698,5,30
"1939",0,17,1,22,"21",4,2698,5,30
"1940",2,17,4,22,"21",4,2698,5,30
"1941",0,17,5,22,"21",4,2698,5,30
"1942",2,18,1,22,"21",4,2698,5,30
"1943",3,18,4,22,"21",4,2698,5,30
"1944",2,18,5,22,"21",4,2698,5,30
"1945",2,19,1,22,"21",4,2698,5,30
"1946",3,19,4,22,"21",4,2698,5,30
"1947",2,19,5,22,"21",4,2698,5,30
"1948",2,20,1,22,"21",4,2698,5,30
"1949",2,20,4,22,"21",4,2698,5,30
"1950",2,20,5,22,"21",4,2698,5,30
"1951",2,21,1,22,"21",4,2698,5,30
"1952",2,21,4,22,"21",4,2698,5,30
"1953",2,21,5,22,"21",4,2698,5,30
"1954",2,22,1,22,"21",4,2698,5,30
"1955",2,22,4,22,"21",4,2698,5,30
"1956",2,22,5,22,"21",4,2698,5,30
"1957",2,23,1,22,"21",4,2698,5,30
"1958",3,23,4,22,"21",4,2698,5,30
"1959",2,23,5,22,"21",4,2698,5,30
"1960",2,24,1,22,"21",4,2698,5,30
"1961",2,24,4,22,"21",4,2698,5,30
"1962",2,24,5,22,"21",4,2698,5,30
"1963",2,25,1,22,"21",4,2698,5,30
"1964",2,25,4,22,"21",4,2698,5,30
"1965",3,25,5,22,"21",4,2698,5,30
"1966",2,26,1,22,"21",4,2698,5,30
"1967",2,26,4,22,"21",4,2698,5,30
"1968",2,26,5,22,"21",4,2698,5,30
"1969",2,27,1,22,"21",4,2698,5,30
"1970",2,27,4,22,"21",4,2698,5,30
"1971",2,27,5,22,"21",4,2698,5,30
"1972",2,28,1,22,"21",4,2698,5,30
"1973",2,28,4,22,"21",4,2698,5,30
"1974",2,28,5,22,"21",4,2698,5,30
"1975",2,29,1,22,"21",4,2698,5,30
"1976",2,29,4,22,"21",4,2698,5,30
"1977",2,29,5,22,"21",4,2698,5,30
"1978",2,30,1,22,"21",4,2698,5,30
"1979",2,30,4,22,"21",4,2698,5,30
"1980",2,30,5,22,"21",4,2698,5,30
"1981",2,1,1,23,"22",4,2698,5,30
"1982",2,1,4,23,"22",4,2698,5,30
"1983",2,1,5,23,"22",4,2698,5,30
"1984",2,2,1,23,"22",4,2698,5,30
"1985",2,2,4,23,"22",4,2698,5,30
"1986",2,2,5,23,"22",4,2698,5,30
"1987",2,3,1,23,"22",4,2698,5,30
"1988",2,3,4,23,"22",4,2698,5,30
"1989",2,3,5,23,"22",4,2698,5,30
"1990",2,4,1,23,"22",4,2698,5,30
"1991",2,4,4,23,"22",4,2698,5,30
"1992",2,4,5,23,"22",4,2698,5,30
"1993",2,5,1,23,"22",4,2698,5,30
"1994",2,5,4,23,"22",4,2698,5,30
"1995",2,5,5,23,"22",4,2698,5,30
"1996",2,6,1,23,"22",4,2698,5,30
"1997",3,6,4,23,"22",4,2698,5,30
"1998",3,6,5,23,"22",4,2698,5,30
"1999",2,7,1,23,"22",4,2698,5,30
"2000",2,7,4,23,"22",4,2698,5,30
"2001",2,7,5,23,"22",4,2698,5,30
"2002",2,8,1,23,"22",4,2698,5,30
"2003",2,8,4,23,"22",4,2698,5,30
"2004",2,8,5,23,"22",4,2698,5,30
"2005",1,9,1,23,"22",4,2698,5,30
"2006",1,9,4,23,"22",4,2698,5,30
"2007",1,9,5,23,"22",4,2698,5,30
"2008",2,10,1,23,"22",4,2698,5,30
"2009",1,10,4,23,"22",4,2698,5,30
"2010",1,10,5,23,"22",4,2698,5,30
"2011",0,11,1,23,"22",4,2698,5,30
"2012",2,11,4,23,"22",4,2698,5,30
"2013",0,11,5,23,"22",4,2698,5,30
"2014",2,12,1,23,"22",4,2698,5,30
"2015",2,12,4,23,"22",4,2698,5,30
"2016",2,12,5,23,"22",4,2698,5,30
"2017",2,13,1,23,"22",4,2698,5,30
"2018",2,13,4,23,"22",4,2698,5,30
"2019",2,13,5,23,"22",4,2698,5,30
"2020",0,14,1,23,"22",4,2698,5,30
"2021",2,14,4,23,"22",4,2698,5,30
"2022",0,14,5,23,"22",4,2698,5,30
"2023",3,15,1,23,"22",4,2698,5,30
"2024",3,15,4,23,"22",4,2698,5,30
"2025",3,15,5,23,"22",4,2698,5,30
"2026",3,16,1,23,"22",4,2698,5,30
"2027",2,16,4,23,"22",4,2698,5,30
"2028",3,16,5,23,"22",4,2698,5,30
"2029",0,17,1,23,"22",4,2698,5,30
"2030",1,17,4,23,"22",4,2698,5,30
"2031",0,17,5,23,"22",4,2698,5,30
"2032",0,18,1,23,"22",4,2698,5,30
"2033",0,18,4,23,"22",4,2698,5,30
"2034",0,18,5,23,"22",4,2698,5,30
"2035",1,19,1,23,"22",4,2698,5,30
"2036",1,19,4,23,"22",4,2698,5,30
"2037",1,19,5,23,"22",4,2698,5,30
"2038",2,20,1,23,"22",4,2698,5,30
"2039",2,20,4,23,"22",4,2698,5,30
"2040",2,20,5,23,"22",4,2698,5,30
"2041",2,21,1,23,"22",4,2698,5,30
"2042",2,21,4,23,"22",4,2698,5,30
"2043",2,21,5,23,"22",4,2698,5,30
"2044",2,22,1,23,"22",4,2698,5,30
"2045",2,22,4,23,"22",4,2698,5,30
"2046",2,22,5,23,"22",4,2698,5,30
"2047",1,23,1,23,"22",4,2698,5,30
"2048",1,23,4,23,"22",4,2698,5,30
"2049",1,23,5,23,"22",4,2698,5,30
"2050",2,24,1,23,"22",4,2698,5,30
"2051",1,24,4,23,"22",4,2698,5,30
"2052",2,24,5,23,"22",4,2698,5,30
"2053",2,25,1,23,"22",4,2698,5,30
"2054",1,25,4,23,"22",4,2698,5,30
"2055",2,25,5,23,"22",4,2698,5,30
"2056",2,26,1,23,"22",4,2698,5,30
"2057",2,26,4,23,"22",4,2698,5,30
"2058",2,26,5,23,"22",4,2698,5,30
"2059",2,27,1,23,"22",4,2698,5,30
"2060",1,27,4,23,"22",4,2698,5,30
"2061",2,27,5,23,"22",4,2698,5,30
"2062",1,28,1,23,"22",4,2698,5,30
"2063",1,28,4,23,"22",4,2698,5,30
"2064",1,28,5,23,"22",4,2698,5,30
"2065",2,29,1,23,"22",4,2698,5,30
"2066",1,29,4,23,"22",4,2698,5,30
"2067",2,29,5,23,"22",4,2698,5,30
"2068",1,30,1,23,"22",4,2698,5,30
"2069",1,30,4,23,"22",4,2698,5,30
"2070",1,30,5,23,"22",4,2698,5,30
"2071",2,1,1,24,"23",4,2698,5,30
"2072",2,1,4,24,"23",4,2698,5,30
"2073",2,1,5,24,"23",4,2698,5,30
"2074",2,2,1,24,"23",4,2698,5,30
"2075",2,2,4,24,"23",4,2698,5,30
"2076",2,2,5,24,"23",4,2698,5,30
"2077",3,3,1,24,"23",4,2698,5,30
"2078",3,3,4,24,"23",4,2698,5,30
"2079",3,3,5,24,"23",4,2698,5,30
"2080",2,4,1,24,"23",4,2698,5,30
"2081",2,4,4,24,"23",4,2698,5,30
"2082",2,4,5,24,"23",4,2698,5,30
"2083",2,5,1,24,"23",4,2698,5,30
"2084",2,5,4,24,"23",4,2698,5,30
"2085",2,5,5,24,"23",4,2698,5,30
"2086",2,6,1,24,"23",4,2698,5,30
"2087",2,6,4,24,"23",4,2698,5,30
"2088",2,6,5,24,"23",4,2698,5,30
"2089",2,7,1,24,"23",4,2698,5,30
"2090",2,7,4,24,"23",4,2698,5,30
"2091",2,7,5,24,"23",4,2698,5,30
"2092",0,8,1,24,"23",4,2698,5,30
"2093",1,8,4,24,"23",4,2698,5,30
"2094",0,8,5,24,"23",4,2698,5,30
"2095",0,9,1,24,"23",4,2698,5,30
"2096",0,9,4,24,"23",4,2698,5,30
"2097",0,9,5,24,"23",4,2698,5,30
"2098",2,10,1,24,"23",4,2698,5,30
"2099",2,10,4,24,"23",4,2698,5,30
"2100",2,10,5,24,"23",4,2698,5,30
"2101",0,11,1,24,"23",4,2698,5,30
"2102",2,11,4,24,"23",4,2698,5,30
"2103",0,11,5,24,"23",4,2698,5,30
"2104",2,12,1,24,"23",4,2698,5,30
"2105",2,12,4,24,"23",4,2698,5,30
"2106",2,12,5,24,"23",4,2698,5,30
"2107",2,13,1,24,"23",4,2698,5,30
"2108",2,13,4,24,"23",4,2698,5,30
"2109",2,13,5,24,"23",4,2698,5,30
"2110",2,14,1,24,"23",4,2698,5,30
"2111",2,14,4,24,"23",4,2698,5,30
"2112",2,14,5,24,"23",4,2698,5,30
"2113",3,15,1,24,"23",4,2698,5,30
"2114",3,15,4,24,"23",4,2698,5,30
"2115",3,15,5,24,"23",4,2698,5,30
"2116",3,16,1,24,"23",4,2698,5,30
"2117",2,16,4,24,"23",4,2698,5,30
"2118",3,16,5,24,"23",4,2698,5,30
"2119",0,17,1,24,"23",4,2698,5,30
"2120",1,17,4,24,"23",4,2698,5,30
"2121",0,17,5,24,"23",4,2698,5,30
"2122",2,18,1,24,"23",4,2698,5,30
"2123",2,18,4,24,"23",4,2698,5,30
"2124",2,18,5,24,"23",4,2698,5,30
"2125",2,19,1,24,"23",4,2698,5,30
"2126",2,19,4,24,"23",4,2698,5,30
"2127",2,19,5,24,"23",4,2698,5,30
"2128",2,20,1,24,"23",4,2698,5,30
"2129",1,20,4,24,"23",4,2698,5,30
"2130",2,20,5,24,"23",4,2698,5,30
"2131",2,21,1,24,"23",4,2698,5,30
"2132",2,21,4,24,"23",4,2698,5,30
"2133",2,21,5,24,"23",4,2698,5,30
"2134",2,22,1,24,"23",4,2698,5,30
"2135",3,22,4,24,"23",4,2698,5,30
"2136",2,22,5,24,"23",4,2698,5,30
"2137",2,23,1,24,"23",4,2698,5,30
"2138",2,23,4,24,"23",4,2698,5,30
"2139",2,23,5,24,"23",4,2698,5,30
"2140",2,24,1,24,"23",4,2698,5,30
"2141",2,24,4,24,"23",4,2698,5,30
"2142",2,24,5,24,"23",4,2698,5,30
"2143",2,25,1,24,"23",4,2698,5,30
"2144",2,25,4,24,"23",4,2698,5,30
"2145",1,25,5,24,"23",4,2698,5,30
"2146",2,26,1,24,"23",4,2698,5,30
"2147",2,26,4,24,"23",4,2698,5,30
"2148",2,26,5,24,"23",4,2698,5,30
"2149",2,27,1,24,"23",4,2698,5,30
"2150",2,27,4,24,"23",4,2698,5,30
"2151",2,27,5,24,"23",4,2698,5,30
"2152",2,28,1,24,"23",4,2698,5,30
"2153",2,28,4,24,"23",4,2698,5,30
"2154",2,28,5,24,"23",4,2698,5,30
"2155",2,29,1,24,"23",4,2698,5,30
"2156",2,29,4,24,"23",4,2698,5,30
"2157",1,29,5,24,"23",4,2698,5,30
"2158",2,30,1,24,"23",4,2698,5,30
"2159",2,30,4,24,"23",4,2698,5,30
"2160",1,30,5,24,"23",4,2698,5,30
"2161",2,1,1,25,"24",4,2698,5,30
"2162",2,1,4,25,"24",4,2698,5,30
"2163",2,1,5,25,"24",4,2698,5,30
"2164",2,2,1,25,"24",4,2698,5,30
"2165",2,2,4,25,"24",4,2698,5,30
"2166",2,2,5,25,"24",4,2698,5,30
"2167",2,3,1,25,"24",4,2698,5,30
"2168",3,3,4,25,"24",4,2698,5,30
"2169",3,3,5,25,"24",4,2698,5,30
"2170",2,4,1,25,"24",4,2698,5,30
"2171",2,4,4,25,"24",4,2698,5,30
"2172",2,4,5,25,"24",4,2698,5,30
"2173",2,5,1,25,"24",4,2698,5,30
"2174",3,5,4,25,"24",4,2698,5,30
"2175",2,5,5,25,"24",4,2698,5,30
"2176",2,6,1,25,"24",4,2698,5,30
"2177",2,6,4,25,"24",4,2698,5,30
"2178",3,6,5,25,"24",4,2698,5,30
"2179",2,7,1,25,"24",4,2698,5,30
"2180",2,7,4,25,"24",4,2698,5,30
"2181",2,7,5,25,"24",4,2698,5,30
"2182",1,8,1,25,"24",4,2698,5,30
"2183",1,8,4,25,"24",4,2698,5,30
"2184",1,8,5,25,"24",4,2698,5,30
"2185",3,9,1,25,"24",4,2698,5,30
"2186",3,9,4,25,"24",4,2698,5,30
"2187",3,9,5,25,"24",4,2698,5,30
"2188",1,10,1,25,"24",4,2698,5,30
"2189",3,10,4,25,"24",4,2698,5,30
"2190",1,10,5,25,"24",4,2698,5,30
"2191",0,11,1,25,"24",4,2698,5,30
"2192",2,11,4,25,"24",4,2698,5,30
"2193",0,11,5,25,"24",4,2698,5,30
"2194",2,12,1,25,"24",4,2698,5,30
"2195",2,12,4,25,"24",4,2698,5,30
"2196",2,12,5,25,"24",4,2698,5,30
"2197",2,13,1,25,"24",4,2698,5,30
"2198",2,13,4,25,"24",4,2698,5,30
"2199",2,13,5,25,"24",4,2698,5,30
"2200",2,14,1,25,"24",4,2698,5,30
"2201",2,14,4,25,"24",4,2698,5,30
"2202",2,14,5,25,"24",4,2698,5,30
"2203",3,15,1,25,"24",4,2698,5,30
"2204",3,15,4,25,"24",4,2698,5,30
"2205",3,15,5,25,"24",4,2698,5,30
"2206",3,16,1,25,"24",4,2698,5,30
"2207",3,16,4,25,"24",4,2698,5,30
"2208",3,16,5,25,"24",4,2698,5,30
"2209",1,17,1,25,"24",4,2698,5,30
"2210",2,17,4,25,"24",4,2698,5,30
"2211",1,17,5,25,"24",4,2698,5,30
"2212",2,18,1,25,"24",4,2698,5,30
"2213",3,18,4,25,"24",4,2698,5,30
"2214",2,18,5,25,"24",4,2698,5,30
"2215",2,19,1,25,"24",4,2698,5,30
"2216",2,19,4,25,"24",4,2698,5,30
"2217",2,19,5,25,"24",4,2698,5,30
"2218",2,20,1,25,"24",4,2698,5,30
"2219",2,20,4,25,"24",4,2698,5,30
"2220",0,20,5,25,"24",4,2698,5,30
"2221",2,21,1,25,"24",4,2698,5,30
"2222",2,21,4,25,"24",4,2698,5,30
"2223",2,21,5,25,"24",4,2698,5,30
"2224",0,22,1,25,"24",4,2698,5,30
"2225",0,22,4,25,"24",4,2698,5,30
"2226",0,22,5,25,"24",4,2698,5,30
"2227",2,23,1,25,"24",4,2698,5,30
"2228",2,23,4,25,"24",4,2698,5,30
"2229",2,23,5,25,"24",4,2698,5,30
"2230",2,24,1,25,"24",4,2698,5,30
"2231",2,24,4,25,"24",4,2698,5,30
"2232",2,24,5,25,"24",4,2698,5,30
"2233",2,25,1,25,"24",4,2698,5,30
"2234",2,25,4,25,"24",4,2698,5,30
"2235",2,25,5,25,"24",4,2698,5,30
"2236",2,26,1,25,"24",4,2698,5,30
"2237",2,26,4,25,"24",4,2698,5,30
"2238",2,26,5,25,"24",4,2698,5,30
"2239",2,27,1,25,"24",4,2698,5,30
"2240",2,27,4,25,"24",4,2698,5,30
"2241",1,27,5,25,"24",4,2698,5,30
"2242",2,28,1,25,"24",4,2698,5,30
"2243",2,28,4,25,"24",4,2698,5,30
"2244",2,28,5,25,"24",4,2698,5,30
"2245",2,29,1,25,"24",4,2698,5,30
"2246",2,29,4,25,"24",4,2698,5,30
"2247",2,29,5,25,"24",4,2698,5,30
"2248",2,30,1,25,"24",4,2698,5,30
"2249",2,30,4,25,"24",4,2698,5,30
"2250",2,30,5,25,"24",4,2698,5,30
"2251",2,1,1,26,"25",4,2698,5,30
"2252",1,1,4,26,"25",4,2698,5,30
"2253",2,1,5,26,"25",4,2698,5,30
"2254",2,2,1,26,"25",4,2698,5,30
"2255",2,2,4,26,"25",4,2698,5,30
"2256",2,2,5,26,"25",4,2698,5,30
"2257",1,3,1,26,"25",4,2698,5,30
"2258",1,3,4,26,"25",4,2698,5,30
"2259",1,3,5,26,"25",4,2698,5,30
"2260",2,4,1,26,"25",4,2698,5,30
"2261",2,4,4,26,"25",4,2698,5,30
"2262",2,4,5,26,"25",4,2698,5,30
"2263",2,5,1,26,"25",4,2698,5,30
"2264",3,5,4,26,"25",4,2698,5,30
"2265",3,5,5,26,"25",4,2698,5,30
"2266",2,6,1,26,"25",4,2698,5,30
"2267",2,6,4,26,"25",4,2698,5,30
"2268",2,6,5,26,"25",4,2698,5,30
"2269",2,7,1,26,"25",4,2698,5,30
"2270",2,7,4,26,"25",4,2698,5,30
"2271",2,7,5,26,"25",4,2698,5,30
"2272",0,8,1,26,"25",4,2698,5,30
"2273",2,8,4,26,"25",4,2698,5,30
"2274",1,8,5,26,"25",4,2698,5,30
"2275",3,9,1,26,"25",4,2698,5,30
"2276",3,9,4,26,"25",4,2698,5,30
"2277",3,9,5,26,"25",4,2698,5,30
"2278",1,10,1,26,"25",4,2698,5,30
"2279",2,10,4,26,"25",4,2698,5,30
"2280",1,10,5,26,"25",4,2698,5,30
"2281",0,11,1,26,"25",4,2698,5,30
"2282",0,11,4,26,"25",4,2698,5,30
"2283",0,11,5,26,"25",4,2698,5,30
"2284",2,12,1,26,"25",4,2698,5,30
"2285",2,12,4,26,"25",4,2698,5,30
"2286",2,12,5,26,"25",4,2698,5,30
"2287",2,13,1,26,"25",4,2698,5,30
"2288",2,13,4,26,"25",4,2698,5,30
"2289",2,13,5,26,"25",4,2698,5,30
"2290",2,14,1,26,"25",4,2698,5,30
"2291",3,14,4,26,"25",4,2698,5,30
"2292",2,14,5,26,"25",4,2698,5,30
"2293",3,15,1,26,"25",4,2698,5,30
"2294",3,15,4,26,"25",4,2698,5,30
"2295",2,15,5,26,"25",4,2698,5,30
"2296",3,16,1,26,"25",4,2698,5,30
"2297",3,16,4,26,"25",4,2698,5,30
"2298",3,16,5,26,"25",4,2698,5,30
"2299",0,17,1,26,"25",4,2698,5,30
"2300",2,17,4,26,"25",4,2698,5,30
"2301",0,17,5,26,"25",4,2698,5,30
"2302",0,18,1,26,"25",4,2698,5,30
"2303",0,18,4,26,"25",4,2698,5,30
"2304",0,18,5,26,"25",4,2698,5,30
"2305",2,19,1,26,"25",4,2698,5,30
"2306",2,19,4,26,"25",4,2698,5,30
"2307",2,19,5,26,"25",4,2698,5,30
"2308",2,20,1,26,"25",4,2698,5,30
"2309",0,20,4,26,"25",4,2698,5,30
"2310",2,20,5,26,"25",4,2698,5,30
"2311",2,21,1,26,"25",4,2698,5,30
"2312",2,21,4,26,"25",4,2698,5,30
"2313",2,21,5,26,"25",4,2698,5,30
"2314",0,22,1,26,"25",4,2698,5,30
"2315",2,22,4,26,"25",4,2698,5,30
"2316",0,22,5,26,"25",4,2698,5,30
"2317",2,23,1,26,"25",4,2698,5,30
"2318",2,23,4,26,"25",4,2698,5,30
"2319",2,23,5,26,"25",4,2698,5,30
"2320",2,24,1,26,"25",4,2698,5,30
"2321",2,24,4,26,"25",4,2698,5,30
"2322",2,24,5,26,"25",4,2698,5,30
"2323",2,25,1,26,"25",4,2698,5,30
"2324",2,25,4,26,"25",4,2698,5,30
"2325",2,25,5,26,"25",4,2698,5,30
"2326",2,26,1,26,"25",4,2698,5,30
"2327",2,26,4,26,"25",4,2698,5,30
"2328",2,26,5,26,"25",4,2698,5,30
"2329",2,27,1,26,"25",4,2698,5,30
"2330",2,27,4,26,"25",4,2698,5,30
"2331",2,27,5,26,"25",4,2698,5,30
"2332",2,28,1,26,"25",4,2698,5,30
"2333",2,28,4,26,"25",4,2698,5,30
"2334",2,28,5,26,"25",4,2698,5,30
"2335",2,29,1,26,"25",4,2698,5,30
"2336",2,29,4,26,"25",4,2698,5,30
"2337",1,29,5,26,"25",4,2698,5,30
"2338",2,30,1,26,"25",4,2698,5,30
"2339",2,30,4,26,"25",4,2698,5,30
"2340",2,30,5,26,"25",4,2698,5,30
"2341",2,1,1,27,"26",4,2698,5,30
"2342",2,1,4,27,"26",4,2698,5,30
"2343",2,1,5,27,"26",4,2698,5,30
"2344",2,2,1,27,"26",4,2698,5,30
"2345",2,2,4,27,"26",4,2698,5,30
"2346",2,2,5,27,"26",4,2698,5,30
"2347",2,3,1,27,"26",4,2698,5,30
"2348",3,3,4,27,"26",4,2698,5,30
"2349",3,3,5,27,"26",4,2698,5,30
"2350",2,4,1,27,"26",4,2698,5,30
"2351",2,4,4,27,"26",4,2698,5,30
"2352",2,4,5,27,"26",4,2698,5,30
"2353",2,5,1,27,"26",4,2698,5,30
"2354",3,5,4,27,"26",4,2698,5,30
"2355",3,5,5,27,"26",4,2698,5,30
"2356",2,6,1,27,"26",4,2698,5,30
"2357",2,6,4,27,"26",4,2698,5,30
"2358",3,6,5,27,"26",4,2698,5,30
"2359",2,7,1,27,"26",4,2698,5,30
"2360",3,7,4,27,"26",4,2698,5,30
"2361",2,7,5,27,"26",4,2698,5,30
"2362",1,8,1,27,"26",4,2698,5,30
"2363",1,8,4,27,"26",4,2698,5,30
"2364",1,8,5,27,"26",4,2698,5,30
"2365",3,9,1,27,"26",4,2698,5,30
"2366",3,9,4,27,"26",4,2698,5,30
"2367",3,9,5,27,"26",4,2698,5,30
"2368",2,10,1,27,"26",4,2698,5,30
"2369",2,10,4,27,"26",4,2698,5,30
"2370",1,10,5,27,"26",4,2698,5,30
"2371",0,11,1,27,"26",4,2698,5,30
"2372",2,11,4,27,"26",4,2698,5,30
"2373",0,11,5,27,"26",4,2698,5,30
"2374",2,12,1,27,"26",4,2698,5,30
"2375",2,12,4,27,"26",4,2698,5,30
"2376",2,12,5,27,"26",4,2698,5,30
"2377",2,13,1,27,"26",4,2698,5,30
"2378",2,13,4,27,"26",4,2698,5,30
"2379",2,13,5,27,"26",4,2698,5,30
"2380",0,14,1,27,"26",4,2698,5,30
"2381",2,14,4,27,"26",4,2698,5,30
"2382",0,14,5,27,"26",4,2698,5,30
"2383",3,15,1,27,"26",4,2698,5,30
"2384",3,15,4,27,"26",4,2698,5,30
"2385",3,15,5,27,"26",4,2698,5,30
"2386",3,16,1,27,"26",4,2698,5,30
"2387",3,16,4,27,"26",4,2698,5,30
"2388",3,16,5,27,"26",4,2698,5,30
"2389",0,17,1,27,"26",4,2698,5,30
"2390",3,17,4,27,"26",4,2698,5,30
"2391",0,17,5,27,"26",4,2698,5,30
"2392",2,18,1,27,"26",4,2698,5,30
"2393",3,18,4,27,"26",4,2698,5,30
"2394",2,18,5,27,"26",4,2698,5,30
"2395",2,19,1,27,"26",4,2698,5,30
"2396",3,19,4,27,"26",4,2698,5,30
"2397",2,19,5,27,"26",4,2698,5,30
"2398",2,20,1,27,"26",4,2698,5,30
"2399",2,20,4,27,"26",4,2698,5,30
"2400",2,20,5,27,"26",4,2698,5,30
"2401",2,21,1,27,"26",4,2698,5,30
"2402",2,21,4,27,"26",4,2698,5,30
"2403",2,21,5,27,"26",4,2698,5,30
"2404",2,22,1,27,"26",4,2698,5,30
"2405",2,22,4,27,"26",4,2698,5,30
"2406",2,22,5,27,"26",4,2698,5,30
"2407",2,23,1,27,"26",4,2698,5,30
"2408",3,23,4,27,"26",4,2698,5,30
"2409",2,23,5,27,"26",4,2698,5,30
"2410",2,24,1,27,"26",4,2698,5,30
"2411",2,24,4,27,"26",4,2698,5,30
"2412",2,24,5,27,"26",4,2698,5,30
"2413",2,25,1,27,"26",4,2698,5,30
"2414",3,25,4,27,"26",4,2698,5,30
"2415",3,25,5,27,"26",4,2698,5,30
"2416",2,26,1,27,"26",4,2698,5,30
"2417",2,26,4,27,"26",4,2698,5,30
"2418",2,26,5,27,"26",4,2698,5,30
"2419",2,27,1,27,"26",4,2698,5,30
"2420",2,27,4,27,"26",4,2698,5,30
"2421",2,27,5,27,"26",4,2698,5,30
"2422",2,28,1,27,"26",4,2698,5,30
"2423",2,28,4,27,"26",4,2698,5,30
"2424",2,28,5,27,"26",4,2698,5,30
"2425",2,29,1,27,"26",4,2698,5,30
"2426",2,29,4,27,"26",4,2698,5,30
"2427",2,29,5,27,"26",4,2698,5,30
"2428",2,30,1,27,"26",4,2698,5,30
"2429",2,30,4,27,"26",4,2698,5,30
"2430",2,30,5,27,"26",4,2698,5,30
"2431",2,1,1,28,"27",4,2698,5,30
"2432",2,1,4,28,"27",4,2698,5,30
"2433",2,1,5,28,"27",4,2698,5,30
"2434",2,2,1,28,"27",4,2698,5,30
"2435",2,2,4,28,"27",4,2698,5,30
"2436",2,2,5,28,"27",4,2698,5,30
"2437",3,3,1,28,"27",4,2698,5,30
"2438",3,3,4,28,"27",4,2698,5,30
"2439",3,3,5,28,"27",4,2698,5,30
"2440",2,4,1,28,"27",4,2698,5,30
"2441",2,4,4,28,"27",4,2698,5,30
"2442",2,4,5,28,"27",4,2698,5,30
"2443",3,5,1,28,"27",4,2698,5,30
"2444",3,5,4,28,"27",4,2698,5,30
"2445",3,5,5,28,"27",4,2698,5,30
"2446",2,6,1,28,"27",4,2698,5,30
"2447",2,6,4,28,"27",4,2698,5,30
"2448",2,6,5,28,"27",4,2698,5,30
"2449",2,7,1,28,"27",4,2698,5,30
"2450",2,7,4,28,"27",4,2698,5,30
"2451",2,7,5,28,"27",4,2698,5,30
"2452",1,8,1,28,"27",4,2698,5,30
"2453",1,8,4,28,"27",4,2698,5,30
"2454",1,8,5,28,"27",4,2698,5,30
"2455",0,9,1,28,"27",4,2698,5,30
"2456",0,9,4,28,"27",4,2698,5,30
"2457",0,9,5,28,"27",4,2698,5,30
"2458",1,10,1,28,"27",4,2698,5,30
"2459",2,10,4,28,"27",4,2698,5,30
"2460",1,10,5,28,"27",4,2698,5,30
"2461",0,11,1,28,"27",4,2698,5,30
"2462",1,11,4,28,"27",4,2698,5,30
"2463",0,11,5,28,"27",4,2698,5,30
"2464",2,12,1,28,"27",4,2698,5,30
"2465",1,12,4,28,"27",4,2698,5,30
"2466",2,12,5,28,"27",4,2698,5,30
"2467",2,13,1,28,"27",4,2698,5,30
"2468",2,13,4,28,"27",4,2698,5,30
"2469",2,13,5,28,"27",4,2698,5,30
"2470",0,14,1,28,"27",4,2698,5,30
"2471",2,14,4,28,"27",4,2698,5,30
"2472",0,14,5,28,"27",4,2698,5,30
"2473",3,15,1,28,"27",4,2698,5,30
"2474",3,15,4,28,"27",4,2698,5,30
"2475",3,15,5,28,"27",4,2698,5,30
"2476",2,16,1,28,"27",4,2698,5,30
"2477",2,16,4,28,"27",4,2698,5,30
"2478",2,16,5,28,"27",4,2698,5,30
"2479",0,17,1,28,"27",4,2698,5,30
"2480",2,17,4,28,"27",4,2698,5,30
"2481",0,17,5,28,"27",4,2698,5,30
"2482",2,18,1,28,"27",4,2698,5,30
"2483",2,18,4,28,"27",4,2698,5,30
"2484",2,18,5,28,"27",4,2698,5,30
"2485",2,19,1,28,"27",4,2698,5,30
"2486",1,19,4,28,"27",4,2698,5,30
"2487",2,19,5,28,"27",4,2698,5,30
"2488",2,20,1,28,"27",4,2698,5,30
"2489",2,20,4,28,"27",4,2698,5,30
"2490",2,20,5,28,"27",4,2698,5,30
"2491",2,21,1,28,"27",4,2698,5,30
"2492",2,21,4,28,"27",4,2698,5,30
"2493",2,21,5,28,"27",4,2698,5,30
"2494",1,22,1,28,"27",4,2698,5,30
"2495",2,22,4,28,"27",4,2698,5,30
"2496",1,22,5,28,"27",4,2698,5,30
"2497",2,23,1,28,"27",4,2698,5,30
"2498",2,23,4,28,"27",4,2698,5,30
"2499",2,23,5,28,"27",4,2698,5,30
"2500",2,24,1,28,"27",4,2698,5,30
"2501",1,24,4,28,"27",4,2698,5,30
"2502",2,24,5,28,"27",4,2698,5,30
"2503",2,25,1,28,"27",4,2698,5,30
"2504",1,25,4,28,"27",4,2698,5,30
"2505",2,25,5,28,"27",4,2698,5,30
"2506",2,26,1,28,"27",4,2698,5,30
"2507",2,26,4,28,"27",4,2698,5,30
"2508",2,26,5,28,"27",4,2698,5,30
"2509",2,27,1,28,"27",4,2698,5,30
"2510",2,27,4,28,"27",4,2698,5,30
"2511",2,27,5,28,"27",4,2698,5,30
"2512",2,28,1,28,"27",4,2698,5,30
"2513",1,28,4,28,"27",4,2698,5,30
"2514",2,28,5,28,"27",4,2698,5,30
"2515",2,29,1,28,"27",4,2698,5,30
"2516",2,29,4,28,"27",4,2698,5,30
"2517",2,29,5,28,"27",4,2698,5,30
"2518",2,30,1,28,"27",4,2698,5,30
"2519",1,30,4,28,"27",4,2698,5,30
"2520",2,30,5,28,"27",4,2698,5,30
"2521",2,1,1,29,"28",4,2698,5,30
"2522",2,1,4,29,"28",4,2698,5,30
"2523",2,1,5,29,"28",4,2698,5,30
"2524",2,2,1,29,"28",4,2698,5,30
"2525",2,2,4,29,"28",4,2698,5,30
"2526",2,2,5,29,"28",4,2698,5,30
"2527",2,3,1,29,"28",4,2698,5,30
"2528",3,3,4,29,"28",4,2698,5,30
"2529",2,3,5,29,"28",4,2698,5,30
"2530",2,4,1,29,"28",4,2698,5,30
"2531",2,4,4,29,"28",4,2698,5,30
"2532",2,4,5,29,"28",4,2698,5,30
"2533",3,5,1,29,"28",4,2698,5,30
"2534",3,5,4,29,"28",4,2698,5,30
"2535",3,5,5,29,"28",4,2698,5,30
"2536",2,6,1,29,"28",4,2698,5,30
"2537",2,6,4,29,"28",4,2698,5,30
"2538",2,6,5,29,"28",4,2698,5,30
"2539",2,7,1,29,"28",4,2698,5,30
"2540",2,7,4,29,"28",4,2698,5,30
"2541",2,7,5,29,"28",4,2698,5,30
"2542",0,8,1,29,"28",4,2698,5,30
"2543",1,8,4,29,"28",4,2698,5,30
"2544",0,8,5,29,"28",4,2698,5,30
"2545",3,9,1,29,"28",4,2698,5,30
"2546",3,9,4,29,"28",4,2698,5,30
"2547",3,9,5,29,"28",4,2698,5,30
"2548",1,10,1,29,"28",4,2698,5,30
"2549",1,10,4,29,"28",4,2698,5,30
"2550",1,10,5,29,"28",4,2698,5,30
"2551",0,11,1,29,"28",4,2698,5,30
"2552",2,11,4,29,"28",4,2698,5,30
"2553",0,11,5,29,"28",4,2698,5,30
"2554",2,12,1,29,"28",4,2698,5,30
"2555",2,12,4,29,"28",4,2698,5,30
"2556",2,12,5,29,"28",4,2698,5,30
"2557",2,13,1,29,"28",4,2698,5,30
"2558",2,13,4,29,"28",4,2698,5,30
"2559",2,13,5,29,"28",4,2698,5,30
"2560",0,14,1,29,"28",4,2698,5,30
"2561",2,14,4,29,"28",4,2698,5,30
"2562",0,14,5,29,"28",4,2698,5,30
"2563",3,15,1,29,"28",4,2698,5,30
"2564",3,15,4,29,"28",4,2698,5,30
"2565",3,15,5,29,"28",4,2698,5,30
"2566",3,16,1,29,"28",4,2698,5,30
"2567",3,16,4,29,"28",4,2698,5,30
"2568",3,16,5,29,"28",4,2698,5,30
"2569",2,17,1,29,"28",4,2698,5,30
"2570",3,17,4,29,"28",4,2698,5,30
"2571",2,17,5,29,"28",4,2698,5,30
"2572",3,18,1,29,"28",4,2698,5,30
"2573",3,18,4,29,"28",4,2698,5,30
"2574",2,18,5,29,"28",4,2698,5,30
"2575",1,19,1,29,"28",4,2698,5,30
"2576",3,19,4,29,"28",4,2698,5,30
"2577",1,19,5,29,"28",4,2698,5,30
"2578",2,20,1,29,"28",4,2698,5,30
"2579",1,20,4,29,"28",4,2698,5,30
"2580",2,20,5,29,"28",4,2698,5,30
"2581",2,21,1,29,"28",4,2698,5,30
"2582",2,21,4,29,"28",4,2698,5,30
"2583",2,21,5,29,"28",4,2698,5,30
"2584",2,22,1,29,"28",4,2698,5,30
"2585",2,22,4,29,"28",4,2698,5,30
"2586",2,22,5,29,"28",4,2698,5,30
"2587",2,23,1,29,"28",4,2698,5,30
"2588",3,23,4,29,"28",4,2698,5,30
"2589",2,24,1,29,"28",4,2698,5,30
"2590",2,24,4,29,"28",4,2698,5,30
"2591",2,24,5,29,"28",4,2698,5,30
"2592",2,25,1,29,"28",4,2698,5,30
"2593",3,25,4,29,"28",4,2698,5,30
"2594",2,25,5,29,"28",4,2698,5,30
"2595",2,26,1,29,"28",4,2698,5,30
"2596",2,26,4,29,"28",4,2698,5,30
"2597",2,26,5,29,"28",4,2698,5,30
"2598",2,27,1,29,"28",4,2698,5,30
"2599",2,27,4,29,"28",4,2698,5,30
"2600",2,27,5,29,"28",4,2698,5,30
"2601",3,28,1,29,"28",4,2698,5,30
"2602",2,28,4,29,"28",4,2698,5,30
"2603",3,28,5,29,"28",4,2698,5,30
"2604",2,29,1,29,"28",4,2698,5,30
"2605",2,29,4,29,"28",4,2698,5,30
"2606",2,29,5,29,"28",4,2698,5,30
"2607",2,30,1,29,"28",4,2698,5,30
"2608",2,30,4,29,"28",4,2698,5,30
"2609",2,30,5,29,"28",4,2698,5,30
"2610",2,1,1,30,"29",4,2698,5,30
"2611",2,1,4,30,"29",4,2698,5,30
"2612",2,1,5,30,"29",4,2698,5,30
"2613",2,2,1,30,"29",4,2698,5,30
"2614",2,2,4,30,"29",4,2698,5,30
"2615",2,2,5,30,"29",4,2698,5,30
"2616",3,3,1,30,"29",4,2698,5,30
"2617",3,3,4,30,"29",4,2698,5,30
"2618",3,3,5,30,"29",4,2698,5,30
"2619",2,4,1,30,"29",4,2698,5,30
"2620",2,4,4,30,"29",4,2698,5,30
"2621",2,4,5,30,"29",4,2698,5,30
"2622",2,5,1,30,"29",4,2698,5,30
"2623",2,5,4,30,"29",4,2698,5,30
"2624",2,5,5,30,"29",4,2698,5,30
"2625",2,6,1,30,"29",4,2698,5,30
"2626",2,6,4,30,"29",4,2698,5,30
"2627",2,6,5,30,"29",4,2698,5,30
"2628",2,7,1,30,"29",4,2698,5,30
"2629",2,7,4,30,"29",4,2698,5,30
"2630",2,7,5,30,"29",4,2698,5,30
"2631",1,8,1,30,"29",4,2698,5,30
"2632",1,8,4,30,"29",4,2698,5,30
"2633",1,8,5,30,"29",4,2698,5,30
"2634",1,9,1,30,"29",4,2698,5,30
"2635",0,9,4,30,"29",4,2698,5,30
"2636",1,9,5,30,"29",4,2698,5,30
"2637",1,10,1,30,"29",4,2698,5,30
"2638",2,10,4,30,"29",4,2698,5,30
"2639",1,10,5,30,"29",4,2698,5,30
"2640",2,11,1,30,"29",4,2698,5,30
"2641",2,11,4,30,"29",4,2698,5,30
"2642",2,11,5,30,"29",4,2698,5,30
"2643",0,12,1,30,"29",4,2698,5,30
"2644",0,12,4,30,"29",4,2698,5,30
"2645",0,12,5,30,"29",4,2698,5,30
"2646",0,13,1,30,"29",4,2698,5,30
"2647",2,13,4,30,"29",4,2698,5,30
"2648",0,13,5,30,"29",4,2698,5,30
"2649",2,14,1,30,"29",4,2698,5,30
"2650",2,14,4,30,"29",4,2698,5,30
"2651",2,14,5,30,"29",4,2698,5,30
"2652",3,15,1,30,"29",4,2698,5,30
"2653",3,15,4,30,"29",4,2698,5,30
"2654",3,15,5,30,"29",4,2698,5,30
"2655",2,16,1,30,"29",4,2698,5,30
"2656",1,16,4,30,"29",4,2698,5,30
"2657",2,16,5,30,"29",4,2698,5,30
"2658",2,17,1,30,"29",4,2698,5,30
"2659",2,17,4,30,"29",4,2698,5,30
"2660",2,17,5,30,"29",4,2698,5,30
"2661",0,18,1,30,"29",4,2698,5,30
"2662",0,18,4,30,"29",4,2698,5,30
"2663",0,18,5,30,"29",4,2698,5,30
"2664",2,19,1,30,"29",4,2698,5,30
"2665",1,19,4,30,"29",4,2698,5,30
"2666",2,19,5,30,"29",4,2698,5,30
"2667",0,20,1,30,"29",4,2698,5,30
"2668",0,20,4,30,"29",4,2698,5,30
"2669",0,20,5,30,"29",4,2698,5,30
"2670",2,21,1,30,"29",4,2698,5,30
"2671",2,21,4,30,"29",4,2698,5,30
"2672",2,21,5,30,"29",4,2698,5,30
"2673",0,22,1,30,"29",4,2698,5,30
"2674",0,22,4,30,"29",4,2698,5,30
"2675",0,22,5,30,"29",4,2698,5,30
"2676",1,23,1,30,"29",4,2698,5,30
"2677",1,23,4,30,"29",4,2698,5,30
"2678",1,23,5,30,"29",4,2698,5,30
"2679",2,24,1,30,"29",4,2698,5,30
"2680",1,24,4,30,"29",4,2698,5,30
"2681",2,25,1,30,"29",4,2698,5,30
"2682",1,25,4,30,"29",4,2698,5,30
"2683",2,25,5,30,"29",4,2698,5,30
"2684",2,26,1,30,"29",4,2698,5,30
"2685",2,26,4,30,"29",4,2698,5,30
"2686",2,26,5,30,"29",4,2698,5,30
"2687",2,27,1,30,"29",4,2698,5,30
"2688",2,27,4,30,"29",4,2698,5,30
"2689",2,27,5,30,"29",4,2698,5,30
"2690",2,28,1,30,"29",4,2698,5,30
"2691",1,28,4,30,"29",4,2698,5,30
"2692",1,28,5,30,"29",4,2698,5,30
"2693",2,29,1,30,"29",4,2698,5,30
"2694",1,29,4,30,"29",4,2698,5,30
"2695",2,29,5,30,"29",4,2698,5,30
"2696",2,30,1,30,"29",4,2698,5,30
"2697",0,30,4,30,"29",4,2698,5,30
"2698",2,30,5,30,"29",4,2698,5,30
